Tên acc,Mã VN,SĐT,Pass,Họ,Tên,Mã GT,Mã mời,Fix
Pi 001,+84,2363596410,Nxndevops@0001,Lạc,Xuân Thủy,Nghianxn0001,thanhnd1982,1
Pi 002,+84,2363596411,Nxndevops@0002,Bế,Tấn Sơn,Nghianxn0002,thanhnd1982,1
Pi 003,+84,2363596412,Nxndevops@0003,Đỗ,Bá Thủy,Nghianxn0003,thanhnd1982,1
Pi 004,+84,2363596413,Nxndevops@0004,Phùng,Chí Khang,Nghianxn0004,thanhnd1982,1
Pi 005,+84,2363596414,Nxndevops@0005,Võ,Xuân Thủy,Nghianxn0005,thanhnd1982,1
Pi 006,+84,2363596415,Nxndevops@0006,Bế,Tấn Sơn,Nghianxn0006,thanhnd1982,1
Pi 007,+84,2363596416,Nxndevops@0007,Nguyễn,Chí Nguyệt,Nghianxn0007,thanhnd1982,1
Pi 008,+84,2363596417,Nxndevops@0008,Cao,Chí Thủy,Nghianxn0008,thanhnd1982,1
Pi 009,+84,2363596418,Nxndevops@0009,Lạc,Minh Khang,Nghianxn0009,thanhnd1982,1
Pi 010,+84,2363596419,Nxndevops@0010,Phùng,Chí Thủy,Nghianxn0010,thanhnd1982,1
Pi 011,+84,2363596420,Nxndevops@0011,Nguyễn,Thị Thủy,Nghianxn0011,thanhnd1982,1
Pi 012,+84,2363596421,Nxndevops@0012,Cao,Minh Mai,Nghianxn0012,thanhnd1982,1
Pi 013,+84,2363596422,Nxndevops@0013,Bế,Minh Sơn,Nghianxn0013,thanhnd1982,1
Pi 014,+84,2363596423,Nxndevops@0014,Nguyễn,Bá Nguyệt,Nghianxn0014,thanhnd1982,1
Pi 015,+84,2363596424,Nxndevops@0015,Phan,Bá Sơn,Nghianxn0015,thanhnd1982,1
Pi 016,+84,2363596425,Nxndevops@0016,Võ,Xuân Sang,Nghianxn0016,thanhnd1982,1
Pi 017,+84,2363596426,Nxndevops@0017,Đỗ,Tấn Sơn,Nghianxn0017,thanhnd1982,1
Pi 018,+84,2363596427,Nxndevops@0018,Nguyễn,Văn Mai,Nghianxn0018,thanhnd1982,1
Pi 019,+84,2363596428,Nxndevops@0019,Phùng,Văn Hải,Nghianxn0019,thanhnd1982,1
Pi 020,+84,2363596429,Nxndevops@0020,Lạc,Thị Nguyệt,Nghianxn0020,thanhnd1982,1
Pi 021,+84,2363596430,Nxndevops@0021,Lạc,Xuân Hải,Nghianxn0021,thanhnd1982,1
Pi 022,+84,2363596431,Nxndevops@0022,Võ,Minh Sang,Nghianxn0022,thanhnd1982,1
Pi 023,+84,2363596432,Nxndevops@0023,Đỗ,Xuân Nguyệt,Nghianxn0023,thanhnd1982,1
Pi 024,+84,2363596433,Nxndevops@0024,Đỗ,Xuân Nguyệt,Nghianxn0024,thanhnd1982,1
Pi 025,+84,2363596434,Nxndevops@0025,Phùng,Minh Hải,Nghianxn0025,thanhnd1982,1
Pi 026,+84,2363596435,Nxndevops@0026,Đỗ,Xuân Trinh,Nghianxn0026,thanhnd1982,1
Pi 027,+84,2363596436,Nxndevops@0027,Cao,Bá Nguyệt,Nghianxn0027,thanhnd1982,1
Pi 028,+84,2363596437,Nxndevops@0028,Đỗ,Văn Sang,Nghianxn0028,thanhnd1982,1
Pi 029,+84,2363596438,Nxndevops@0029,Phùng,Thị Hải,Nghianxn0029,thanhnd1982,1
Pi 030,+84,2363596439,Nxndevops@0030,Đỗ,Minh Hải,Nghianxn0030,thanhnd1982,1
Pi 031,+84,2363596440,Nxndevops@0031,Đỗ,Minh Khang,Nghianxn0031,thanhnd1982,1
Pi 032,+84,2363596441,Nxndevops@0032,Đỗ,Bá Nguyệt,Nghianxn0032,thanhnd1982,1
Pi 033,+84,2363596442,Nxndevops@0033,Nguyễn,Minh Sang,Nghianxn0033,thanhnd1982,1
Pi 034,+84,2363596443,Nxndevops@0034,Nguyễn,Thị Mai,Nghianxn0034,thanhnd1982,1
Pi 035,+84,2363596444,Nxndevops@0035,Phùng,Xuân Nguyệt,Nghianxn0035,thanhnd1982,1
Pi 036,+84,2363596445,Nxndevops@0036,Phùng,Văn Nguyệt,Nghianxn0036,thanhnd1982,1
Pi 037,+84,2363596446,Nxndevops@0037,Phùng,Minh Hải,Nghianxn0037,thanhnd1982,1
Pi 038,+84,2363596447,Nxndevops@0038,Cao,Tấn Mai,Nghianxn0038,thanhnd1982,1
Pi 039,+84,2363596448,Nxndevops@0039,Lạc,Bá Mai,Nghianxn0039,thanhnd1982,1
Pi 040,+84,2363596449,Nxndevops@0040,Nguyễn,Bá Khang,Nghianxn0040,thanhnd1982,1
Pi 041,+84,2363596450,Nxndevops@0041,Đỗ,Minh Mai,Nghianxn0041,thanhnd1982,1
Pi 042,+84,2363596451,Nxndevops@0042,Lạc,Thị Thủy,Nghianxn0042,thanhnd1982,1
Pi 043,+84,2363596452,Nxndevops@0043,Bế,Văn Sang,Nghianxn0043,thanhnd1982,1
Pi 044,+84,2363596453,Nxndevops@0044,Phan,Xuân Trinh,Nghianxn0044,thanhnd1982,1
Pi 045,+84,2363596454,Nxndevops@0045,Phùng,Xuân Khang,Nghianxn0045,thanhnd1982,1
Pi 046,+84,2363596455,Nxndevops@0046,Võ,Xuân Khang,Nghianxn0046,thanhnd1982,1
Pi 047,+84,2363596456,Nxndevops@0047,Bế,Thị Nguyệt,Nghianxn0047,thanhnd1982,1
Pi 048,+84,2363596457,Nxndevops@0048,Nguyễn,Bá Nguyệt,Nghianxn0048,thanhnd1982,1
Pi 049,+84,2363596458,Nxndevops@0049,Cao,Bá Mai,Nghianxn0049,thanhnd1982,1
Pi 050,+84,2363596459,Nxndevops@0050,Phan,Văn Trinh,Nghianxn0050,thanhnd1982,1
Pi 051,+84,2363596460,Nxndevops@0051,Đỗ,Văn Sơn,Nghianxn0051,thanhnd1982,1
Pi 052,+84,2363596461,Nxndevops@0052,Võ,Tấn Khang,Nghianxn0052,thanhnd1982,1
Pi 053,+84,2363596462,Nxndevops@0053,Nguyễn,Minh Thủy,Nghianxn0053,thanhnd1982,1
Pi 054,+84,2363596463,Nxndevops@0054,Lạc,Chí Khang,Nghianxn0054,thanhnd1982,1
Pi 055,+84,2363596464,Nxndevops@0055,Nguyễn,Minh Mai,Nghianxn0055,thanhnd1982,1
Pi 056,+84,2363596465,Nxndevops@0056,Cao,Văn Trinh,Nghianxn0056,thanhnd1982,1
Pi 057,+84,2363596466,Nxndevops@0057,Võ,Thị Mai,Nghianxn0057,thanhnd1982,1
Pi 058,+84,2363596467,Nxndevops@0058,Đỗ,Thị Mai,Nghianxn0058,thanhnd1982,1
Pi 059,+84,2363596468,Nxndevops@0059,Bế,Thị Sơn,Nghianxn0059,thanhnd1982,1
Pi 060,+84,2363596469,Nxndevops@0060,Đỗ,Minh Nguyệt,Nghianxn0060,thanhnd1982,1
Pi 061,+84,2363596470,Nxndevops@0061,Võ,Văn Sơn,Nghianxn0061,thanhnd1982,1
Pi 062,+84,2363596471,Nxndevops@0062,Lạc,Tấn Sang,Nghianxn0062,thanhnd1982,1
Pi 063,+84,2363596472,Nxndevops@0063,Võ,Chí Khang,Nghianxn0063,thanhnd1982,1
Pi 064,+84,2363596473,Nxndevops@0064,Cao,Thị Trinh,Nghianxn0064,thanhnd1982,1
Pi 065,+84,2363596474,Nxndevops@0065,Nguyễn,Minh Khang,Nghianxn0065,thanhnd1982,1
Pi 066,+84,2363596475,Nxndevops@0066,Nguyễn,Bá Trinh,Nghianxn0066,thanhnd1982,1
Pi 067,+84,2363596476,Nxndevops@0067,Bế,Chí Sơn,Nghianxn0067,thanhnd1982,1
Pi 068,+84,2363596477,Nxndevops@0068,Võ,Bá Thủy,Nghianxn0068,thanhnd1982,1
Pi 069,+84,2363596478,Nxndevops@0069,Võ,Văn Sang,Nghianxn0069,thanhnd1982,1
Pi 070,+84,2363596479,Nxndevops@0070,Phùng,Thị Khang,Nghianxn0070,thanhnd1982,1
Pi 071,+84,2363596480,Nxndevops@0071,Nguyễn,Xuân Hải,Nghianxn0071,thanhnd1982,1
Pi 072,+84,2363596481,Nxndevops@0072,Võ,Tấn Sơn,Nghianxn0072,thanhnd1982,1
Pi 073,+84,2363596482,Nxndevops@0073,Phan,Minh Mai,Nghianxn0073,thanhnd1982,1
Pi 074,+84,2363596483,Nxndevops@0074,Võ,Minh Khang,Nghianxn0074,thanhnd1982,1
Pi 075,+84,2363596484,Nxndevops@0075,Phan,Bá Thủy,Nghianxn0075,thanhnd1982,1
Pi 076,+84,2363596485,Nxndevops@0076,Lạc,Tấn Nguyệt,Nghianxn0076,thanhnd1982,1
Pi 077,+84,2363596486,Nxndevops@0077,Phùng,Chí Mai,Nghianxn0077,thanhnd1982,1
Pi 078,+84,2363596487,Nxndevops@0078,Cao,Chí Khang,Nghianxn0078,thanhnd1982,1
Pi 079,+84,2363596488,Nxndevops@0079,Bế,Chí Sang,Nghianxn0079,thanhnd1982,1
Pi 080,+84,2363596489,Nxndevops@0080,Nguyễn,Văn Thủy,Nghianxn0080,thanhnd1982,1
Pi 081,+84,2363596490,Nxndevops@0081,Bế,Xuân Mai,Nghianxn0081,thanhnd1982,1
Pi 082,+84,2363596491,Nxndevops@0082,Phùng,Bá Khang,Nghianxn0082,thanhnd1982,1
Pi 083,+84,2363596492,Nxndevops@0083,Bế,Bá Hải,Nghianxn0083,thanhnd1982,1
Pi 084,+84,2363596493,Nxndevops@0084,Bế,Bá Nguyệt,Nghianxn0084,thanhnd1982,1
Pi 085,+84,2363596494,Nxndevops@0085,Bế,Bá Nguyệt,Nghianxn0085,thanhnd1982,1
Pi 086,+84,2363596495,Nxndevops@0086,Phùng,Văn Trinh,Nghianxn0086,thanhnd1982,1
Pi 087,+84,2363596496,Nxndevops@0087,Bế,Bá Sang,Nghianxn0087,thanhnd1982,1
Pi 088,+84,2363596497,Nxndevops@0088,Lạc,Chí Trinh,Nghianxn0088,thanhnd1982,1
Pi 089,+84,2363596498,Nxndevops@0089,Nguyễn,Thị Hải,Nghianxn0089,thanhnd1982,1
Pi 090,+84,2363596499,Nxndevops@0090,Nguyễn,Thị Hải,Nghianxn0090,thanhnd1982,1
Pi 091,+84,2363596500,Nxndevops@0091,Lạc,Xuân Nguyệt,Nghianxn0091,thanhnd1982,1
Pi 092,+84,2363596501,Nxndevops@0092,Bế,Tấn Trinh,Nghianxn0092,thanhnd1982,1
Pi 093,+84,2363596502,Nxndevops@0093,Đỗ,Văn Sơn,Nghianxn0093,thanhnd1982,1
Pi 094,+84,2363596503,Nxndevops@0094,Đỗ,Thị Sang,Nghianxn0094,thanhnd1982,1
Pi 095,+84,2363596504,Nxndevops@0095,Đỗ,Tấn Thủy,Nghianxn0095,thanhnd1982,1
Pi 096,+84,2363596505,Nxndevops@0096,Bế,Thị Mai,Nghianxn0096,thanhnd1982,1
Pi 097,+84,2363596506,Nxndevops@0097,Nguyễn,Xuân Mai,Nghianxn0097,thanhnd1982,1
Pi 098,+84,2363596507,Nxndevops@0098,Lạc,Thị Hải,Nghianxn0098,thanhnd1982,1
Pi 099,+84,2363596508,Nxndevops@0099,Nguyễn,Thị Thủy,Nghianxn0099,thanhnd1982,1
Pi 100,+84,2363596509,Nxndevops@0100,Cao,Xuân Sơn,Nghianxn0100,thanhnd1982,1
Pi 101,+84,2363596510,Nxndevops@0101,Lạc,Bá Mai,Nghianxn0101,thanhnd1982,1
Pi 102,+84,2363596511,Nxndevops@0102,Lạc,Thị Sơn,Nghianxn0102,thanhnd1982,1
Pi 103,+84,2363596512,Nxndevops@0103,Phùng,Văn Khang,Nghianxn0103,thanhnd1982,1
Pi 104,+84,2363596513,Nxndevops@0104,Phùng,Văn Khang,Nghianxn0104,thanhnd1982,1
Pi 105,+84,2363596514,Nxndevops@0105,Cao,Tấn Trinh,Nghianxn0105,thanhnd1982,1
Pi 106,+84,2363596515,Nxndevops@0106,Bế,Minh Sơn,Nghianxn0106,thanhnd1982,1
Pi 107,+84,2363596516,Nxndevops@0107,Lạc,Tấn Sơn,Nghianxn0107,thanhnd1982,1
Pi 108,+84,2363596517,Nxndevops@0108,Bế,Tấn Sang,Nghianxn0108,thanhnd1982,1
Pi 109,+84,2363596518,Nxndevops@0109,Võ,Chí Sơn,Nghianxn0109,thanhnd1982,1
Pi 110,+84,2363596519,Nxndevops@0110,Cao,Xuân Sơn,Nghianxn0110,thanhnd1982,1
Pi 111,+84,2363596520,Nxndevops@0111,Phùng,Tấn Thủy,Nghianxn0111,thanhnd1982,1
Pi 112,+84,2363596521,Nxndevops@0112,Bế,Xuân Thủy,Nghianxn0112,thanhnd1982,1
Pi 113,+84,2363596522,Nxndevops@0113,Nguyễn,Xuân Trinh,Nghianxn0113,thanhnd1982,1
Pi 114,+84,2363596523,Nxndevops@0114,Phùng,Văn Nguyệt,Nghianxn0114,thanhnd1982,1
Pi 115,+84,2363596524,Nxndevops@0115,Phùng,Minh Thủy,Nghianxn0115,thanhnd1982,1
Pi 116,+84,2363596525,Nxndevops@0116,Phan,Minh Sơn,Nghianxn0116,thanhnd1982,1
Pi 117,+84,2363596526,Nxndevops@0117,Phùng,Tấn Hải,Nghianxn0117,thanhnd1982,1
Pi 118,+84,2363596527,Nxndevops@0118,Cao,Bá Trinh,Nghianxn0118,thanhnd1982,1
Pi 119,+84,2363596528,Nxndevops@0119,Lạc,Tấn Thủy,Nghianxn0119,thanhnd1982,1
Pi 120,+84,2363596529,Nxndevops@0120,Phùng,Tấn Thủy,Nghianxn0120,thanhnd1982,1
Pi 121,+84,2363596530,Nxndevops@0121,Đỗ,Chí Trinh,Nghianxn0121,thanhnd1982,1
Pi 122,+84,2363596531,Nxndevops@0122,Cao,Xuân Sang,Nghianxn0122,thanhnd1982,1
Pi 123,+84,2363596532,Nxndevops@0123,Cao,Tấn Sang,Nghianxn0123,thanhnd1982,1
Pi 124,+84,2363596533,Nxndevops@0124,Nguyễn,Văn Mai,Nghianxn0124,thanhnd1982,1
Pi 125,+84,2363596534,Nxndevops@0125,Đỗ,Chí Mai,Nghianxn0125,thanhnd1982,1
Pi 126,+84,2363596535,Nxndevops@0126,Nguyễn,Xuân Mai,Nghianxn0126,thanhnd1982,1
Pi 127,+84,2363596536,Nxndevops@0127,Cao,Văn Khang,Nghianxn0127,thanhnd1982,1
Pi 128,+84,2363596537,Nxndevops@0128,Nguyễn,Minh Hải,Nghianxn0128,thanhnd1982,1
Pi 129,+84,2363596538,Nxndevops@0129,Phan,Văn Sang,Nghianxn0129,thanhnd1982,1
Pi 130,+84,2363596539,Nxndevops@0130,Nguyễn,Minh Nguyệt,Nghianxn0130,thanhnd1982,1
Pi 131,+84,2363596540,Nxndevops@0131,Đỗ,Minh Hải,Nghianxn0131,thanhnd1982,1
Pi 132,+84,2363596541,Nxndevops@0132,Phan,Tấn Khang,Nghianxn0132,thanhnd1982,1
Pi 133,+84,2363596542,Nxndevops@0133,Lạc,Bá Sang,Nghianxn0133,thanhnd1982,1
Pi 134,+84,2363596543,Nxndevops@0134,Phan,Tấn Trinh,Nghianxn0134,thanhnd1982,1
Pi 135,+84,2363596544,Nxndevops@0135,Cao,Xuân Hải,Nghianxn0135,thanhnd1982,1
Pi 136,+84,2363596545,Nxndevops@0136,Võ,Tấn Hải,Nghianxn0136,thanhnd1982,1
Pi 137,+84,2363596546,Nxndevops@0137,Phan,Thị Thủy,Nghianxn0137,thanhnd1982,1
Pi 138,+84,2363596547,Nxndevops@0138,Lạc,Minh Sơn,Nghianxn0138,thanhnd1982,1
Pi 139,+84,2363596548,Nxndevops@0139,Cao,Chí Nguyệt,Nghianxn0139,thanhnd1982,1
Pi 140,+84,2363596549,Nxndevops@0140,Đỗ,Thị Khang,Nghianxn0140,thanhnd1982,1
Pi 141,+84,2363596550,Nxndevops@0141,Bế,Bá Sơn,Nghianxn0141,thanhnd1982,1
Pi 142,+84,2363596551,Nxndevops@0142,Phùng,Tấn Mai,Nghianxn0142,thanhnd1982,1
Pi 143,+84,2363596552,Nxndevops@0143,Võ,Bá Trinh,Nghianxn0143,thanhnd1982,1
Pi 144,+84,2363596553,Nxndevops@0144,Lạc,Thị Trinh,Nghianxn0144,thanhnd1982,1
Pi 145,+84,2363596554,Nxndevops@0145,Lạc,Tấn Mai,Nghianxn0145,thanhnd1982,1
Pi 146,+84,2363596555,Nxndevops@0146,Cao,Bá Trinh,Nghianxn0146,thanhnd1982,1
Pi 147,+84,2363596556,Nxndevops@0147,Phùng,Tấn Thủy,Nghianxn0147,thanhnd1982,1
Pi 148,+84,2363596557,Nxndevops@0148,Đỗ,Xuân Mai,Nghianxn0148,thanhnd1982,1
Pi 149,+84,2363596558,Nxndevops@0149,Cao,Xuân Mai,Nghianxn0149,thanhnd1982,1
Pi 150,+84,2363596559,Nxndevops@0150,Đỗ,Văn Sơn,Nghianxn0150,thanhnd1982,1
Pi 151,+84,2363596560,Nxndevops@0151,Phan,Tấn Khang,Nghianxn0151,thanhnd1982,1
Pi 152,+84,2363596561,Nxndevops@0152,Đỗ,Chí Sang,Nghianxn0152,thanhnd1982,1
Pi 153,+84,2363596562,Nxndevops@0153,Đỗ,Bá Trinh,Nghianxn0153,thanhnd1982,1
Pi 154,+84,2363596563,Nxndevops@0154,Phan,Thị Sang,Nghianxn0154,thanhnd1982,1
Pi 155,+84,2363596564,Nxndevops@0155,Đỗ,Văn Mai,Nghianxn0155,thanhnd1982,1
Pi 156,+84,2363596565,Nxndevops@0156,Phùng,Bá Mai,Nghianxn0156,thanhnd1982,1
Pi 157,+84,2363596566,Nxndevops@0157,Phan,Thị Thủy,Nghianxn0157,thanhnd1982,1
Pi 158,+84,2363596567,Nxndevops@0158,Phùng,Văn Trinh,Nghianxn0158,thanhnd1982,1
Pi 159,+84,2363596568,Nxndevops@0159,Đỗ,Tấn Nguyệt,Nghianxn0159,thanhnd1982,1
Pi 160,+84,2363596569,Nxndevops@0160,Phùng,Tấn Trinh,Nghianxn0160,thanhnd1982,1
Pi 161,+84,2363596570,Nxndevops@0161,Lạc,Chí Hải,Nghianxn0161,thanhnd1982,1
Pi 162,+84,2363596571,Nxndevops@0162,Phùng,Thị Sơn,Nghianxn0162,thanhnd1982,1
Pi 163,+84,2363596572,Nxndevops@0163,Cao,Bá Nguyệt,Nghianxn0163,thanhnd1982,1
Pi 164,+84,2363596573,Nxndevops@0164,Bế,Bá Thủy,Nghianxn0164,thanhnd1982,1
Pi 165,+84,2363596574,Nxndevops@0165,Võ,Văn Mai,Nghianxn0165,thanhnd1982,1
Pi 166,+84,2363596575,Nxndevops@0166,Nguyễn,Tấn Nguyệt,Nghianxn0166,thanhnd1982,1
Pi 167,+84,2363596576,Nxndevops@0167,Nguyễn,Thị Khang,Nghianxn0167,thanhnd1982,1
Pi 168,+84,2363596577,Nxndevops@0168,Bế,Xuân Mai,Nghianxn0168,thanhnd1982,1
Pi 169,+84,2363596578,Nxndevops@0169,Lạc,Xuân Nguyệt,Nghianxn0169,thanhnd1982,1
Pi 170,+84,2363596579,Nxndevops@0170,Bế,Tấn Trinh,Nghianxn0170,thanhnd1982,1
Pi 171,+84,2363596580,Nxndevops@0171,Lạc,Xuân Thủy,Nghianxn0171,thanhnd1982,1
Pi 172,+84,2363596581,Nxndevops@0172,Bế,Bá Thủy,Nghianxn0172,thanhnd1982,1
Pi 173,+84,2363596582,Nxndevops@0173,Phan,Chí Hải,Nghianxn0173,thanhnd1982,1
Pi 174,+84,2363596583,Nxndevops@0174,Bế,Minh Hải,Nghianxn0174,thanhnd1982,1
Pi 175,+84,2363596584,Nxndevops@0175,Lạc,Minh Hải,Nghianxn0175,thanhnd1982,1
Pi 176,+84,2363596585,Nxndevops@0176,Đỗ,Thị Khang,Nghianxn0176,thanhnd1982,1
Pi 177,+84,2363596586,Nxndevops@0177,Võ,Minh Trinh,Nghianxn0177,thanhnd1982,1
Pi 178,+84,2363596587,Nxndevops@0178,Phan,Văn Hải,Nghianxn0178,thanhnd1982,1
Pi 179,+84,2363596588,Nxndevops@0179,Cao,Tấn Khang,Nghianxn0179,thanhnd1982,1
Pi 180,+84,2363596589,Nxndevops@0180,Đỗ,Minh Hải,Nghianxn0180,thanhnd1982,1
Pi 181,+84,2363596590,Nxndevops@0181,Phan,Tấn Mai,Nghianxn0181,thanhnd1982,1
Pi 182,+84,2363596591,Nxndevops@0182,Nguyễn,Thị Khang,Nghianxn0182,thanhnd1982,1
Pi 183,+84,2363596592,Nxndevops@0183,Lạc,Chí Sơn,Nghianxn0183,thanhnd1982,1
Pi 184,+84,2363596593,Nxndevops@0184,Võ,Xuân Mai,Nghianxn0184,thanhnd1982,1
Pi 185,+84,2363596594,Nxndevops@0185,Cao,Thị Trinh,Nghianxn0185,thanhnd1982,1
Pi 186,+84,2363596595,Nxndevops@0186,Phùng,Chí Thủy,Nghianxn0186,thanhnd1982,1
Pi 187,+84,2363596596,Nxndevops@0187,Nguyễn,Chí Thủy,Nghianxn0187,thanhnd1982,1
Pi 188,+84,2363596597,Nxndevops@0188,Nguyễn,Thị Nguyệt,Nghianxn0188,thanhnd1982,1
Pi 189,+84,2363596598,Nxndevops@0189,Nguyễn,Chí Mai,Nghianxn0189,thanhnd1982,1
Pi 190,+84,2363596599,Nxndevops@0190,Cao,Xuân Mai,Nghianxn0190,thanhnd1982,1
Pi 191,+84,2363596600,Nxndevops@0191,Nguyễn,Thị Sang,Nghianxn0191,thanhnd1982,1
Pi 192,+84,2363596601,Nxndevops@0192,Nguyễn,Văn Hải,Nghianxn0192,thanhnd1982,1
Pi 193,+84,2363596602,Nxndevops@0193,Bế,Văn Khang,Nghianxn0193,thanhnd1982,1
Pi 194,+84,2363596603,Nxndevops@0194,Lạc,Thị Thủy,Nghianxn0194,thanhnd1982,1
Pi 195,+84,2363596604,Nxndevops@0195,Nguyễn,Thị Trinh,Nghianxn0195,thanhnd1982,1
Pi 196,+84,2363596605,Nxndevops@0196,Bế,Tấn Sang,Nghianxn0196,thanhnd1982,1
Pi 197,+84,2363596606,Nxndevops@0197,Phùng,Văn Mai,Nghianxn0197,thanhnd1982,1
Pi 198,+84,2363596607,Nxndevops@0198,Bế,Thị Trinh,Nghianxn0198,thanhnd1982,1
Pi 199,+84,2363596608,Nxndevops@0199,Lạc,Tấn Sơn,Nghianxn0199,thanhnd1982,1
Pi 200,+84,2363596609,Nxndevops@0200,Bế,Tấn Thủy,Nghianxn0200,thanhnd1982,1
Pi 201,+84,2363596610,Nxndevops@0201,Nguyễn,Minh Khang,Nghianxn0201,thanhnd1982,1
Pi 202,+84,2363596611,Nxndevops@0202,Phùng,Chí Hải,Nghianxn0202,thanhnd1982,1
Pi 203,+84,2363596612,Nxndevops@0203,Bế,Thị Khang,Nghianxn0203,thanhnd1982,1
Pi 204,+84,2363596613,Nxndevops@0204,Lạc,Bá Sơn,Nghianxn0204,thanhnd1982,1
Pi 205,+84,2363596614,Nxndevops@0205,Cao,Bá Hải,Nghianxn0205,thanhnd1982,1
Pi 206,+84,2363596615,Nxndevops@0206,Cao,Chí Khang,Nghianxn0206,thanhnd1982,1
Pi 207,+84,2363596616,Nxndevops@0207,Phan,Thị Mai,Nghianxn0207,thanhnd1982,1
Pi 208,+84,2363596617,Nxndevops@0208,Cao,Xuân Sang,Nghianxn0208,thanhnd1982,1
Pi 209,+84,2363596618,Nxndevops@0209,Nguyễn,Tấn Mai,Nghianxn0209,thanhnd1982,1
Pi 210,+84,2363596619,Nxndevops@0210,Phan,Minh Sang,Nghianxn0210,thanhnd1982,1
Pi 211,+84,2363596620,Nxndevops@0211,Phan,Bá Hải,Nghianxn0211,thanhnd1982,1
Pi 212,+84,2363596621,Nxndevops@0212,Bế,Bá Sang,Nghianxn0212,thanhnd1982,1
Pi 213,+84,2363596622,Nxndevops@0213,Nguyễn,Thị Sang,Nghianxn0213,thanhnd1982,1
Pi 214,+84,2363596623,Nxndevops@0214,Lạc,Tấn Sang,Nghianxn0214,thanhnd1982,1
Pi 215,+84,2363596624,Nxndevops@0215,Phan,Bá Mai,Nghianxn0215,thanhnd1982,1
Pi 216,+84,2363596625,Nxndevops@0216,Đỗ,Văn Sơn,Nghianxn0216,thanhnd1982,1
Pi 217,+84,2363596626,Nxndevops@0217,Đỗ,Văn Thủy,Nghianxn0217,thanhnd1982,1
Pi 218,+84,2363596627,Nxndevops@0218,Nguyễn,Xuân Khang,Nghianxn0218,thanhnd1982,1
Pi 219,+84,2363596628,Nxndevops@0219,Phan,Thị Thủy,Nghianxn0219,thanhnd1982,1
Pi 220,+84,2363596629,Nxndevops@0220,Phan,Minh Sơn,Nghianxn0220,thanhnd1982,1
Pi 221,+84,2363596630,Nxndevops@0221,Lạc,Chí Sang,Nghianxn0221,thanhnd1982,1
Pi 222,+84,2363596631,Nxndevops@0222,Nguyễn,Minh Mai,Nghianxn0222,thanhnd1982,1
Pi 223,+84,2363596632,Nxndevops@0223,Phan,Thị Nguyệt,Nghianxn0223,thanhnd1982,1
Pi 224,+84,2363596633,Nxndevops@0224,Bế,Xuân Sang,Nghianxn0224,thanhnd1982,1
Pi 225,+84,2363596634,Nxndevops@0225,Cao,Xuân Sơn,Nghianxn0225,thanhnd1982,1
Pi 226,+84,2363596635,Nxndevops@0226,Bế,Tấn Trinh,Nghianxn0226,thanhnd1982,1
Pi 227,+84,2363596636,Nxndevops@0227,Phùng,Văn Khang,Nghianxn0227,thanhnd1982,1
Pi 228,+84,2363596637,Nxndevops@0228,Võ,Thị Khang,Nghianxn0228,thanhnd1982,1
Pi 229,+84,2363596638,Nxndevops@0229,Nguyễn,Xuân Khang,Nghianxn0229,thanhnd1982,1
Pi 230,+84,2363596639,Nxndevops@0230,Võ,Thị Nguyệt,Nghianxn0230,thanhnd1982,1
Pi 231,+84,2363596640,Nxndevops@0231,Bế,Văn Nguyệt,Nghianxn0231,thanhnd1982,1
Pi 232,+84,2363596641,Nxndevops@0232,Lạc,Tấn Sơn,Nghianxn0232,thanhnd1982,1
Pi 233,+84,2363596642,Nxndevops@0233,Bế,Tấn Sơn,Nghianxn0233,thanhnd1982,1
Pi 234,+84,2363596643,Nxndevops@0234,Cao,Bá Sơn,Nghianxn0234,thanhnd1982,1
Pi 235,+84,2363596644,Nxndevops@0235,Cao,Tấn Mai,Nghianxn0235,thanhnd1982,1
Pi 236,+84,2363596645,Nxndevops@0236,Nguyễn,Xuân Trinh,Nghianxn0236,thanhnd1982,1
Pi 237,+84,2363596646,Nxndevops@0237,Cao,Minh Mai,Nghianxn0237,thanhnd1982,1
Pi 238,+84,2363596647,Nxndevops@0238,Võ,Tấn Thủy,Nghianxn0238,thanhnd1982,1
Pi 239,+84,2363596648,Nxndevops@0239,Phan,Chí Mai,Nghianxn0239,thanhnd1982,1
Pi 240,+84,2363596649,Nxndevops@0240,Nguyễn,Minh Mai,Nghianxn0240,thanhnd1982,1
Pi 241,+84,2363596650,Nxndevops@0241,Cao,Minh Mai,Nghianxn0241,thanhnd1982,1
Pi 242,+84,2363596651,Nxndevops@0242,Lạc,Văn Sơn,Nghianxn0242,thanhnd1982,1
Pi 243,+84,2363596652,Nxndevops@0243,Võ,Chí Sang,Nghianxn0243,thanhnd1982,1
Pi 244,+84,2363596653,Nxndevops@0244,Đỗ,Thị Sơn,Nghianxn0244,thanhnd1982,1
Pi 245,+84,2363596654,Nxndevops@0245,Cao,Tấn Mai,Nghianxn0245,thanhnd1982,1
Pi 246,+84,2363596655,Nxndevops@0246,Đỗ,Tấn Hải,Nghianxn0246,thanhnd1982,1
Pi 247,+84,2363596656,Nxndevops@0247,Cao,Bá Hải,Nghianxn0247,thanhnd1982,1
Pi 248,+84,2363596657,Nxndevops@0248,Bế,Văn Trinh,Nghianxn0248,thanhnd1982,1
Pi 249,+84,2363596658,Nxndevops@0249,Phùng,Bá Hải,Nghianxn0249,thanhnd1982,1
Pi 250,+84,2363596659,Nxndevops@0250,Lạc,Tấn Sơn,Nghianxn0250,thanhnd1982,1
Pi 251,+84,2363596660,Nxndevops@0251,Phan,Văn Khang,Nghianxn0251,thanhnd1982,1
Pi 252,+84,2363596661,Nxndevops@0252,Phan,Minh Hải,Nghianxn0252,thanhnd1982,1
Pi 253,+84,2363596662,Nxndevops@0253,Bế,Bá Sang,Nghianxn0253,thanhnd1982,1
Pi 254,+84,2363596663,Nxndevops@0254,Lạc,Tấn Mai,Nghianxn0254,thanhnd1982,1
Pi 255,+84,2363596664,Nxndevops@0255,Võ,Văn Hải,Nghianxn0255,thanhnd1982,1
Pi 256,+84,2363596665,Nxndevops@0256,Phùng,Bá Mai,Nghianxn0256,thanhnd1982,1
Pi 257,+84,2363596666,Nxndevops@0257,Võ,Xuân Trinh,Nghianxn0257,thanhnd1982,1
Pi 258,+84,2363596667,Nxndevops@0258,Phùng,Bá Trinh,Nghianxn0258,thanhnd1982,1
Pi 259,+84,2363596668,Nxndevops@0259,Võ,Thị Nguyệt,Nghianxn0259,thanhnd1982,1
Pi 260,+84,2363596669,Nxndevops@0260,Phan,Bá Hải,Nghianxn0260,thanhnd1982,1
Pi 261,+84,2363596670,Nxndevops@0261,Nguyễn,Thị Thủy,Nghianxn0261,thanhnd1982,1
Pi 262,+84,2363596671,Nxndevops@0262,Phan,Chí Thủy,Nghianxn0262,thanhnd1982,1
Pi 263,+84,2363596672,Nxndevops@0263,Võ,Minh Hải,Nghianxn0263,thanhnd1982,1
Pi 264,+84,2363596673,Nxndevops@0264,Bế,Tấn Sơn,Nghianxn0264,thanhnd1982,1
Pi 265,+84,2363596674,Nxndevops@0265,Phùng,Minh Mai,Nghianxn0265,thanhnd1982,1
Pi 266,+84,2363596675,Nxndevops@0266,Đỗ,Tấn Sơn,Nghianxn0266,thanhnd1982,1
Pi 267,+84,2363596676,Nxndevops@0267,Phùng,Tấn Nguyệt,Nghianxn0267,thanhnd1982,1
Pi 268,+84,2363596677,Nxndevops@0268,Cao,Xuân Trinh,Nghianxn0268,thanhnd1982,1
Pi 269,+84,2363596678,Nxndevops@0269,Nguyễn,Bá Mai,Nghianxn0269,thanhnd1982,1
Pi 270,+84,2363596679,Nxndevops@0270,Phan,Tấn Thủy,Nghianxn0270,thanhnd1982,1
Pi 271,+84,2363596680,Nxndevops@0271,Đỗ,Xuân Sang,Nghianxn0271,thanhnd1982,1
Pi 272,+84,2363596681,Nxndevops@0272,Phùng,Minh Hải,Nghianxn0272,thanhnd1982,1
Pi 273,+84,2363596682,Nxndevops@0273,Võ,Chí Mai,Nghianxn0273,thanhnd1982,1
Pi 274,+84,2363596683,Nxndevops@0274,Đỗ,Xuân Mai,Nghianxn0274,thanhnd1982,1
Pi 275,+84,2363596684,Nxndevops@0275,Cao,Văn Thủy,Nghianxn0275,thanhnd1982,1
Pi 276,+84,2363596685,Nxndevops@0276,Phùng,Văn Mai,Nghianxn0276,thanhnd1982,1
Pi 277,+84,2363596686,Nxndevops@0277,Lạc,Văn Mai,Nghianxn0277,thanhnd1982,1
Pi 278,+84,2363596687,Nxndevops@0278,Lạc,Thị Khang,Nghianxn0278,thanhnd1982,1
Pi 279,+84,2363596688,Nxndevops@0279,Lạc,Tấn Hải,Nghianxn0279,thanhnd1982,1
Pi 280,+84,2363596689,Nxndevops@0280,Cao,Thị Khang,Nghianxn0280,thanhnd1982,1
Pi 281,+84,2363596690,Nxndevops@0281,Phùng,Văn Mai,Nghianxn0281,thanhnd1982,1
Pi 282,+84,2363596691,Nxndevops@0282,Bế,Thị Sơn,Nghianxn0282,thanhnd1982,1
Pi 283,+84,2363596692,Nxndevops@0283,Phùng,Tấn Sang,Nghianxn0283,thanhnd1982,1
Pi 284,+84,2363596693,Nxndevops@0284,Cao,Bá Thủy,Nghianxn0284,thanhnd1982,1
Pi 285,+84,2363596694,Nxndevops@0285,Phan,Bá Sang,Nghianxn0285,thanhnd1982,1
Pi 286,+84,2363596695,Nxndevops@0286,Lạc,Bá Nguyệt,Nghianxn0286,thanhnd1982,1
Pi 287,+84,2363596696,Nxndevops@0287,Lạc,Văn Trinh,Nghianxn0287,thanhnd1982,1
Pi 288,+84,2363596697,Nxndevops@0288,Bế,Văn Sơn,Nghianxn0288,thanhnd1982,1
Pi 289,+84,2363596698,Nxndevops@0289,Phùng,Bá Thủy,Nghianxn0289,thanhnd1982,1
Pi 290,+84,2363596699,Nxndevops@0290,Bế,Văn Mai,Nghianxn0290,thanhnd1982,1
Pi 291,+84,2363596700,Nxndevops@0291,Nguyễn,Văn Khang,Nghianxn0291,thanhnd1982,1
Pi 292,+84,2363596701,Nxndevops@0292,Võ,Tấn Thủy,Nghianxn0292,thanhnd1982,1
Pi 293,+84,2363596702,Nxndevops@0293,Nguyễn,Văn Trinh,Nghianxn0293,thanhnd1982,1
Pi 294,+84,2363596703,Nxndevops@0294,Đỗ,Minh Thủy,Nghianxn0294,thanhnd1982,1
Pi 295,+84,2363596704,Nxndevops@0295,Cao,Tấn Nguyệt,Nghianxn0295,thanhnd1982,1
Pi 296,+84,2363596705,Nxndevops@0296,Lạc,Bá Mai,Nghianxn0296,thanhnd1982,1
Pi 297,+84,2363596706,Nxndevops@0297,Phan,Minh Mai,Nghianxn0297,thanhnd1982,1
Pi 298,+84,2363596707,Nxndevops@0298,Nguyễn,Văn Khang,Nghianxn0298,thanhnd1982,1
Pi 299,+84,2363596708,Nxndevops@0299,Võ,Văn Trinh,Nghianxn0299,thanhnd1982,1
Pi 300,+84,2363596709,Nxndevops@0300,Lạc,Văn Nguyệt,Nghianxn0300,thanhnd1982,1
Pi 301,+84,2363596710,Nxndevops@0301,Cao,Bá Mai,Nghianxn0301,thanhnd1982,1
Pi 302,+84,2363596711,Nxndevops@0302,Lạc,Minh Khang,Nghianxn0302,thanhnd1982,1
Pi 303,+84,2363596712,Nxndevops@0303,Bế,Văn Thủy,Nghianxn0303,thanhnd1982,1
Pi 304,+84,2363596713,Nxndevops@0304,Phan,Xuân Sơn,Nghianxn0304,thanhnd1982,1
Pi 305,+84,2363596714,Nxndevops@0305,Lạc,Thị Sơn,Nghianxn0305,thanhnd1982,1
Pi 306,+84,2363596715,Nxndevops@0306,Đỗ,Bá Trinh,Nghianxn0306,thanhnd1982,1
Pi 307,+84,2363596716,Nxndevops@0307,Đỗ,Thị Sơn,Nghianxn0307,thanhnd1982,1
Pi 308,+84,2363596717,Nxndevops@0308,Cao,Bá Mai,Nghianxn0308,thanhnd1982,1
Pi 309,+84,2363596718,Nxndevops@0309,Phan,Chí Sang,Nghianxn0309,thanhnd1982,1
Pi 310,+84,2363596719,Nxndevops@0310,Phan,Tấn Mai,Nghianxn0310,thanhnd1982,1
Pi 311,+84,2363596720,Nxndevops@0311,Võ,Chí Sang,Nghianxn0311,thanhnd1982,1
Pi 312,+84,2363596721,Nxndevops@0312,Lạc,Văn Sơn,Nghianxn0312,thanhnd1982,1
Pi 313,+84,2363596722,Nxndevops@0313,Phùng,Chí Thủy,Nghianxn0313,thanhnd1982,1
Pi 314,+84,2363596723,Nxndevops@0314,Đỗ,Bá Thủy,Nghianxn0314,thanhnd1982,1
Pi 315,+84,2363596724,Nxndevops@0315,Lạc,Tấn Hải,Nghianxn0315,thanhnd1982,1
Pi 316,+84,2363596725,Nxndevops@0316,Phan,Bá Hải,Nghianxn0316,thanhnd1982,1
Pi 317,+84,2363596726,Nxndevops@0317,Nguyễn,Văn Nguyệt,Nghianxn0317,thanhnd1982,1
Pi 318,+84,2363596727,Nxndevops@0318,Phan,Minh Trinh,Nghianxn0318,thanhnd1982,1
Pi 319,+84,2363596728,Nxndevops@0319,Phan,Minh Mai,Nghianxn0319,thanhnd1982,1
Pi 320,+84,2363596729,Nxndevops@0320,Nguyễn,Tấn Thủy,Nghianxn0320,thanhnd1982,1
Pi 321,+84,2363596730,Nxndevops@0321,Nguyễn,Văn Mai,Nghianxn0321,thanhnd1982,1
Pi 322,+84,2363596731,Nxndevops@0322,Phan,Tấn Thủy,Nghianxn0322,thanhnd1982,1
Pi 323,+84,2363596732,Nxndevops@0323,Võ,Xuân Mai,Nghianxn0323,thanhnd1982,1
Pi 324,+84,2363596733,Nxndevops@0324,Võ,Minh Hải,Nghianxn0324,thanhnd1982,1
Pi 325,+84,2363596734,Nxndevops@0325,Cao,Minh Mai,Nghianxn0325,thanhnd1982,1
Pi 326,+84,2363596735,Nxndevops@0326,Cao,Tấn Hải,Nghianxn0326,thanhnd1982,1
Pi 327,+84,2363596736,Nxndevops@0327,Bế,Minh Nguyệt,Nghianxn0327,thanhnd1982,1
Pi 328,+84,2363596737,Nxndevops@0328,Phùng,Bá Khang,Nghianxn0328,thanhnd1982,1
Pi 329,+84,2363596738,Nxndevops@0329,Bế,Chí Mai,Nghianxn0329,thanhnd1982,1
Pi 330,+84,2363596739,Nxndevops@0330,Cao,Tấn Trinh,Nghianxn0330,thanhnd1982,1
Pi 331,+84,2363596740,Nxndevops@0331,Nguyễn,Xuân Trinh,Nghianxn0331,thanhnd1982,1
Pi 332,+84,2363596741,Nxndevops@0332,Cao,Xuân Nguyệt,Nghianxn0332,thanhnd1982,1
Pi 333,+84,2363596742,Nxndevops@0333,Nguyễn,Văn Hải,Nghianxn0333,thanhnd1982,1
Pi 334,+84,2363596743,Nxndevops@0334,Phùng,Minh Thủy,Nghianxn0334,thanhnd1982,1
Pi 335,+84,2363596744,Nxndevops@0335,Võ,Minh Thủy,Nghianxn0335,thanhnd1982,1
Pi 336,+84,2363596745,Nxndevops@0336,Cao,Văn Khang,Nghianxn0336,thanhnd1982,1
Pi 337,+84,2363596746,Nxndevops@0337,Cao,Xuân Khang,Nghianxn0337,thanhnd1982,1
Pi 338,+84,2363596747,Nxndevops@0338,Bế,Bá Hải,Nghianxn0338,thanhnd1982,1
Pi 339,+84,2363596748,Nxndevops@0339,Cao,Tấn Nguyệt,Nghianxn0339,thanhnd1982,1
Pi 340,+84,2363596749,Nxndevops@0340,Nguyễn,Minh Nguyệt,Nghianxn0340,thanhnd1982,1
Pi 341,+84,2363596750,Nxndevops@0341,Phan,Minh Nguyệt,Nghianxn0341,thanhnd1982,1
Pi 342,+84,2363596751,Nxndevops@0342,Nguyễn,Minh Khang,Nghianxn0342,thanhnd1982,1
Pi 343,+84,2363596752,Nxndevops@0343,Cao,Tấn Mai,Nghianxn0343,thanhnd1982,1
Pi 344,+84,2363596753,Nxndevops@0344,Bế,Bá Nguyệt,Nghianxn0344,thanhnd1982,1
Pi 345,+84,2363596754,Nxndevops@0345,Phùng,Xuân Nguyệt,Nghianxn0345,thanhnd1982,1
Pi 346,+84,2363596755,Nxndevops@0346,Bế,Bá Khang,Nghianxn0346,thanhnd1982,1
Pi 347,+84,2363596756,Nxndevops@0347,Võ,Thị Hải,Nghianxn0347,thanhnd1982,1
Pi 348,+84,2363596757,Nxndevops@0348,Đỗ,Thị Mai,Nghianxn0348,thanhnd1982,1
Pi 349,+84,2363596758,Nxndevops@0349,Nguyễn,Xuân Hải,Nghianxn0349,thanhnd1982,1
Pi 350,+84,2363596759,Nxndevops@0350,Nguyễn,Xuân Sang,Nghianxn0350,thanhnd1982,1
Pi 351,+84,2363596760,Nxndevops@0351,Đỗ,Tấn Hải,Nghianxn0351,thanhnd1982,1
Pi 352,+84,2363596761,Nxndevops@0352,Phùng,Chí Trinh,Nghianxn0352,thanhnd1982,1
Pi 353,+84,2363596762,Nxndevops@0353,Phan,Xuân Mai,Nghianxn0353,thanhnd1982,1
Pi 354,+84,2363596763,Nxndevops@0354,Nguyễn,Văn Sang,Nghianxn0354,thanhnd1982,1
Pi 355,+84,2363596764,Nxndevops@0355,Nguyễn,Chí Hải,Nghianxn0355,thanhnd1982,1
Pi 356,+84,2363596765,Nxndevops@0356,Lạc,Thị Thủy,Nghianxn0356,thanhnd1982,1
Pi 357,+84,2363596766,Nxndevops@0357,Võ,Thị Khang,Nghianxn0357,thanhnd1982,1
Pi 358,+84,2363596767,Nxndevops@0358,Đỗ,Thị Sơn,Nghianxn0358,thanhnd1982,1
Pi 359,+84,2363596768,Nxndevops@0359,Phùng,Tấn Mai,Nghianxn0359,thanhnd1982,1
Pi 360,+84,2363596769,Nxndevops@0360,Võ,Xuân Sơn,Nghianxn0360,thanhnd1982,1
Pi 361,+84,2363596770,Nxndevops@0361,Phan,Thị Sơn,Nghianxn0361,thanhnd1982,1
Pi 362,+84,2363596771,Nxndevops@0362,Bế,Minh Trinh,Nghianxn0362,thanhnd1982,1
Pi 363,+84,2363596772,Nxndevops@0363,Phan,Văn Mai,Nghianxn0363,thanhnd1982,1
Pi 364,+84,2363596773,Nxndevops@0364,Phan,Bá Thủy,Nghianxn0364,thanhnd1982,1
Pi 365,+84,2363596774,Nxndevops@0365,Lạc,Bá Khang,Nghianxn0365,thanhnd1982,1
Pi 366,+84,2363596775,Nxndevops@0366,Phùng,Bá Hải,Nghianxn0366,thanhnd1982,1
Pi 367,+84,2363596776,Nxndevops@0367,Lạc,Văn Mai,Nghianxn0367,thanhnd1982,1
Pi 368,+84,2363596777,Nxndevops@0368,Lạc,Chí Hải,Nghianxn0368,thanhnd1982,1
Pi 369,+84,2363596778,Nxndevops@0369,Cao,Xuân Mai,Nghianxn0369,thanhnd1982,1
Pi 370,+84,2363596779,Nxndevops@0370,Nguyễn,Tấn Nguyệt,Nghianxn0370,thanhnd1982,1
Pi 371,+84,2363596780,Nxndevops@0371,Bế,Bá Khang,Nghianxn0371,thanhnd1982,1
Pi 372,+84,2363596781,Nxndevops@0372,Phan,Thị Nguyệt,Nghianxn0372,thanhnd1982,1
Pi 373,+84,2363596782,Nxndevops@0373,Nguyễn,Chí Thủy,Nghianxn0373,thanhnd1982,1
Pi 374,+84,2363596783,Nxndevops@0374,Nguyễn,Tấn Mai,Nghianxn0374,thanhnd1982,1
Pi 375,+84,2363596784,Nxndevops@0375,Phan,Tấn Sơn,Nghianxn0375,thanhnd1982,1
Pi 376,+84,2363596785,Nxndevops@0376,Bế,Chí Thủy,Nghianxn0376,thanhnd1982,1
Pi 377,+84,2363596786,Nxndevops@0377,Lạc,Chí Sơn,Nghianxn0377,thanhnd1982,1
Pi 378,+84,2363596787,Nxndevops@0378,Nguyễn,Thị Thủy,Nghianxn0378,thanhnd1982,1
Pi 379,+84,2363596788,Nxndevops@0379,Cao,Minh Trinh,Nghianxn0379,thanhnd1982,1
Pi 380,+84,2363596789,Nxndevops@0380,Cao,Bá Hải,Nghianxn0380,thanhnd1982,1
Pi 381,+84,2363596790,Nxndevops@0381,Phùng,Bá Mai,Nghianxn0381,thanhnd1982,1
Pi 382,+84,2363596791,Nxndevops@0382,Võ,Bá Sang,Nghianxn0382,thanhnd1982,1
Pi 383,+84,2363596792,Nxndevops@0383,Võ,Thị Nguyệt,Nghianxn0383,thanhnd1982,1
Pi 384,+84,2363596793,Nxndevops@0384,Võ,Chí Sang,Nghianxn0384,thanhnd1982,1
Pi 385,+84,2363596794,Nxndevops@0385,Nguyễn,Thị Sang,Nghianxn0385,thanhnd1982,1
Pi 386,+84,2363596795,Nxndevops@0386,Phùng,Minh Trinh,Nghianxn0386,thanhnd1982,1
Pi 387,+84,2363596796,Nxndevops@0387,Võ,Xuân Sang,Nghianxn0387,thanhnd1982,1
Pi 388,+84,2363596797,Nxndevops@0388,Đỗ,Bá Khang,Nghianxn0388,thanhnd1982,1
Pi 389,+84,2363596798,Nxndevops@0389,Nguyễn,Thị Sơn,Nghianxn0389,thanhnd1982,1
Pi 390,+84,2363596799,Nxndevops@0390,Đỗ,Xuân Hải,Nghianxn0390,thanhnd1982,1
Pi 391,+84,2363596800,Nxndevops@0391,Phan,Văn Khang,Nghianxn0391,thanhnd1982,1
Pi 392,+84,2363596801,Nxndevops@0392,Cao,Văn Trinh,Nghianxn0392,thanhnd1982,1
Pi 393,+84,2363596802,Nxndevops@0393,Phan,Xuân Khang,Nghianxn0393,thanhnd1982,1
Pi 394,+84,2363596803,Nxndevops@0394,Bế,Thị Khang,Nghianxn0394,thanhnd1982,1
Pi 395,+84,2363596804,Nxndevops@0395,Đỗ,Xuân Thủy,Nghianxn0395,thanhnd1982,1
Pi 396,+84,2363596805,Nxndevops@0396,Nguyễn,Minh Thủy,Nghianxn0396,thanhnd1982,1
Pi 397,+84,2363596806,Nxndevops@0397,Võ,Chí Khang,Nghianxn0397,thanhnd1982,1
Pi 398,+84,2363596807,Nxndevops@0398,Nguyễn,Xuân Trinh,Nghianxn0398,thanhnd1982,1
Pi 399,+84,2363596808,Nxndevops@0399,Lạc,Thị Hải,Nghianxn0399,thanhnd1982,1
Pi 400,+84,2363596809,Nxndevops@0400,Võ,Minh Sơn,Nghianxn0400,thanhnd1982,1
Pi 401,+84,2363596810,Nxndevops@0401,Cao,Tấn Khang,Nghianxn0401,thanhnd1982,1
Pi 402,+84,2363596811,Nxndevops@0402,Võ,Thị Thủy,Nghianxn0402,thanhnd1982,1
Pi 403,+84,2363596812,Nxndevops@0403,Bế,Chí Khang,Nghianxn0403,thanhnd1982,1
Pi 404,+84,2363596813,Nxndevops@0404,Cao,Văn Nguyệt,Nghianxn0404,thanhnd1982,1
Pi 405,+84,2363596814,Nxndevops@0405,Lạc,Minh Hải,Nghianxn0405,thanhnd1982,1
Pi 406,+84,2363596815,Nxndevops@0406,Võ,Văn Thủy,Nghianxn0406,thanhnd1982,1
Pi 407,+84,2363596816,Nxndevops@0407,Lạc,Xuân Thủy,Nghianxn0407,thanhnd1982,1
Pi 408,+84,2363596817,Nxndevops@0408,Võ,Chí Khang,Nghianxn0408,thanhnd1982,1
Pi 409,+84,2363596818,Nxndevops@0409,Nguyễn,Văn Khang,Nghianxn0409,thanhnd1982,1
Pi 410,+84,2363596819,Nxndevops@0410,Lạc,Xuân Hải,Nghianxn0410,thanhnd1982,1
Pi 411,+84,2363596820,Nxndevops@0411,Võ,Xuân Hải,Nghianxn0411,thanhnd1982,1
Pi 412,+84,2363596821,Nxndevops@0412,Phùng,Văn Sơn,Nghianxn0412,thanhnd1982,1
Pi 413,+84,2363596822,Nxndevops@0413,Nguyễn,Chí Hải,Nghianxn0413,thanhnd1982,1
Pi 414,+84,2363596823,Nxndevops@0414,Phùng,Minh Sang,Nghianxn0414,thanhnd1982,1
Pi 415,+84,2363596824,Nxndevops@0415,Cao,Minh Sơn,Nghianxn0415,thanhnd1982,1
Pi 416,+84,2363596825,Nxndevops@0416,Lạc,Tấn Thủy,Nghianxn0416,thanhnd1982,1
Pi 417,+84,2363596826,Nxndevops@0417,Võ,Tấn Mai,Nghianxn0417,thanhnd1982,1
Pi 418,+84,2363596827,Nxndevops@0418,Phan,Chí Sang,Nghianxn0418,thanhnd1982,1
Pi 419,+84,2363596828,Nxndevops@0419,Nguyễn,Thị Trinh,Nghianxn0419,thanhnd1982,1
Pi 420,+84,2363596829,Nxndevops@0420,Cao,Tấn Mai,Nghianxn0420,thanhnd1982,1
Pi 421,+84,2363596830,Nxndevops@0421,Bế,Tấn Khang,Nghianxn0421,thanhnd1982,1
Pi 422,+84,2363596831,Nxndevops@0422,Cao,Văn Mai,Nghianxn0422,thanhnd1982,1
Pi 423,+84,2363596832,Nxndevops@0423,Phan,Chí Mai,Nghianxn0423,thanhnd1982,1
Pi 424,+84,2363596833,Nxndevops@0424,Nguyễn,Chí Thủy,Nghianxn0424,thanhnd1982,1
Pi 425,+84,2363596834,Nxndevops@0425,Phùng,Thị Sơn,Nghianxn0425,thanhnd1982,1
Pi 426,+84,2363596835,Nxndevops@0426,Cao,Chí Thủy,Nghianxn0426,thanhnd1982,1
Pi 427,+84,2363596836,Nxndevops@0427,Lạc,Chí Trinh,Nghianxn0427,thanhnd1982,1
Pi 428,+84,2363596837,Nxndevops@0428,Cao,Xuân Trinh,Nghianxn0428,thanhnd1982,1
Pi 429,+84,2363596838,Nxndevops@0429,Lạc,Bá Sang,Nghianxn0429,thanhnd1982,1
Pi 430,+84,2363596839,Nxndevops@0430,Cao,Tấn Nguyệt,Nghianxn0430,thanhnd1982,1
Pi 431,+84,2363596840,Nxndevops@0431,Phan,Xuân Mai,Nghianxn0431,thanhnd1982,1
Pi 432,+84,2363596841,Nxndevops@0432,Võ,Văn Sơn,Nghianxn0432,thanhnd1982,1
Pi 433,+84,2363596842,Nxndevops@0433,Nguyễn,Văn Sang,Nghianxn0433,thanhnd1982,1
Pi 434,+84,2363596843,Nxndevops@0434,Cao,Bá Trinh,Nghianxn0434,thanhnd1982,1
Pi 435,+84,2363596844,Nxndevops@0435,Phan,Văn Thủy,Nghianxn0435,thanhnd1982,1
Pi 436,+84,2363596845,Nxndevops@0436,Võ,Tấn Nguyệt,Nghianxn0436,thanhnd1982,1
Pi 437,+84,2363596846,Nxndevops@0437,Đỗ,Chí Khang,Nghianxn0437,thanhnd1982,1
Pi 438,+84,2363596847,Nxndevops@0438,Phùng,Xuân Hải,Nghianxn0438,thanhnd1982,1
Pi 439,+84,2363596848,Nxndevops@0439,Phan,Chí Thủy,Nghianxn0439,thanhnd1982,1
Pi 440,+84,2363596849,Nxndevops@0440,Đỗ,Chí Thủy,Nghianxn0440,thanhnd1982,1
Pi 441,+84,2363596850,Nxndevops@0441,Võ,Chí Thủy,Nghianxn0441,thanhnd1982,1
Pi 442,+84,2363596851,Nxndevops@0442,Lạc,Minh Khang,Nghianxn0442,thanhnd1982,1
Pi 443,+84,2363596852,Nxndevops@0443,Phan,Thị Sơn,Nghianxn0443,thanhnd1982,1
Pi 444,+84,2363596853,Nxndevops@0444,Lạc,Bá Nguyệt,Nghianxn0444,thanhnd1982,1
Pi 445,+84,2363596854,Nxndevops@0445,Nguyễn,Thị Sang,Nghianxn0445,thanhnd1982,1
Pi 446,+84,2363596855,Nxndevops@0446,Lạc,Thị Sang,Nghianxn0446,thanhnd1982,1
Pi 447,+84,2363596856,Nxndevops@0447,Võ,Minh Khang,Nghianxn0447,thanhnd1982,1
Pi 448,+84,2363596857,Nxndevops@0448,Võ,Minh Mai,Nghianxn0448,thanhnd1982,1
Pi 449,+84,2363596858,Nxndevops@0449,Nguyễn,Minh Trinh,Nghianxn0449,thanhnd1982,1
Pi 450,+84,2363596859,Nxndevops@0450,Cao,Thị Nguyệt,Nghianxn0450,thanhnd1982,1
Pi 451,+84,2363596860,Nxndevops@0451,Bế,Văn Nguyệt,Nghianxn0451,thanhnd1982,1
Pi 452,+84,2363596861,Nxndevops@0452,Cao,Tấn Trinh,Nghianxn0452,thanhnd1982,1
Pi 453,+84,2363596862,Nxndevops@0453,Võ,Tấn Khang,Nghianxn0453,thanhnd1982,1
Pi 454,+84,2363596863,Nxndevops@0454,Võ,Xuân Hải,Nghianxn0454,thanhnd1982,1
Pi 455,+84,2363596864,Nxndevops@0455,Đỗ,Xuân Sơn,Nghianxn0455,thanhnd1982,1
Pi 456,+84,2363596865,Nxndevops@0456,Phùng,Thị Sơn,Nghianxn0456,thanhnd1982,1
Pi 457,+84,2363596866,Nxndevops@0457,Nguyễn,Văn Trinh,Nghianxn0457,thanhnd1982,1
Pi 458,+84,2363596867,Nxndevops@0458,Lạc,Xuân Thủy,Nghianxn0458,thanhnd1982,1
Pi 459,+84,2363596868,Nxndevops@0459,Phan,Minh Thủy,Nghianxn0459,thanhnd1982,1
Pi 460,+84,2363596869,Nxndevops@0460,Nguyễn,Thị Thủy,Nghianxn0460,thanhnd1982,1
Pi 461,+84,2363596870,Nxndevops@0461,Võ,Bá Nguyệt,Nghianxn0461,thanhnd1982,1
Pi 462,+84,2363596871,Nxndevops@0462,Phan,Tấn Trinh,Nghianxn0462,thanhnd1982,1
Pi 463,+84,2363596872,Nxndevops@0463,Đỗ,Tấn Nguyệt,Nghianxn0463,thanhnd1982,1
Pi 464,+84,2363596873,Nxndevops@0464,Võ,Xuân Thủy,Nghianxn0464,thanhnd1982,1
Pi 465,+84,2363596874,Nxndevops@0465,Lạc,Tấn Thủy,Nghianxn0465,thanhnd1982,1
Pi 466,+84,2363596875,Nxndevops@0466,Võ,Thị Thủy,Nghianxn0466,thanhnd1982,1
Pi 467,+84,2363596876,Nxndevops@0467,Cao,Văn Trinh,Nghianxn0467,thanhnd1982,1
Pi 468,+84,2363596877,Nxndevops@0468,Nguyễn,Văn Hải,Nghianxn0468,thanhnd1982,1
Pi 469,+84,2363596878,Nxndevops@0469,Lạc,Minh Nguyệt,Nghianxn0469,thanhnd1982,1
Pi 470,+84,2363596879,Nxndevops@0470,Võ,Thị Sang,Nghianxn0470,thanhnd1982,1
Pi 471,+84,2363596880,Nxndevops@0471,Bế,Văn Mai,Nghianxn0471,thanhnd1982,1
Pi 472,+84,2363596881,Nxndevops@0472,Võ,Bá Trinh,Nghianxn0472,thanhnd1982,1
Pi 473,+84,2363596882,Nxndevops@0473,Đỗ,Minh Sang,Nghianxn0473,thanhnd1982,1
Pi 474,+84,2363596883,Nxndevops@0474,Lạc,Văn Sang,Nghianxn0474,thanhnd1982,1
Pi 475,+84,2363596884,Nxndevops@0475,Phan,Xuân Sơn,Nghianxn0475,thanhnd1982,1
Pi 476,+84,2363596885,Nxndevops@0476,Cao,Tấn Sang,Nghianxn0476,thanhnd1982,1
Pi 477,+84,2363596886,Nxndevops@0477,Nguyễn,Minh Nguyệt,Nghianxn0477,thanhnd1982,1
Pi 478,+84,2363596887,Nxndevops@0478,Đỗ,Chí Sơn,Nghianxn0478,thanhnd1982,1
Pi 479,+84,2363596888,Nxndevops@0479,Cao,Văn Sơn,Nghianxn0479,thanhnd1982,1
Pi 480,+84,2363596889,Nxndevops@0480,Phùng,Văn Mai,Nghianxn0480,thanhnd1982,1
Pi 481,+84,2363596890,Nxndevops@0481,Phan,Tấn Nguyệt,Nghianxn0481,thanhnd1982,1
Pi 482,+84,2363596891,Nxndevops@0482,Võ,Minh Thủy,Nghianxn0482,thanhnd1982,1
Pi 483,+84,2363596892,Nxndevops@0483,Bế,Thị Nguyệt,Nghianxn0483,thanhnd1982,1
Pi 484,+84,2363596893,Nxndevops@0484,Phan,Bá Thủy,Nghianxn0484,thanhnd1982,1
Pi 485,+84,2363596894,Nxndevops@0485,Cao,Bá Sang,Nghianxn0485,thanhnd1982,1
Pi 486,+84,2363596895,Nxndevops@0486,Bế,Tấn Hải,Nghianxn0486,thanhnd1982,1
Pi 487,+84,2363596896,Nxndevops@0487,Bế,Văn Trinh,Nghianxn0487,thanhnd1982,1
Pi 488,+84,2363596897,Nxndevops@0488,Lạc,Xuân Trinh,Nghianxn0488,thanhnd1982,1
Pi 489,+84,2363596898,Nxndevops@0489,Bế,Minh Nguyệt,Nghianxn0489,thanhnd1982,1
Pi 490,+84,2363596899,Nxndevops@0490,Võ,Thị Nguyệt,Nghianxn0490,thanhnd1982,1
Pi 491,+84,2363596900,Nxndevops@0491,Đỗ,Tấn Nguyệt,Nghianxn0491,thanhnd1982,1
Pi 492,+84,2363596901,Nxndevops@0492,Nguyễn,Thị Sơn,Nghianxn0492,thanhnd1982,1
Pi 493,+84,2363596902,Nxndevops@0493,Bế,Chí Sơn,Nghianxn0493,thanhnd1982,1
Pi 494,+84,2363596903,Nxndevops@0494,Nguyễn,Bá Sang,Nghianxn0494,thanhnd1982,1
Pi 495,+84,2363596904,Nxndevops@0495,Cao,Văn Trinh,Nghianxn0495,thanhnd1982,1
Pi 496,+84,2363596905,Nxndevops@0496,Bế,Bá Hải,Nghianxn0496,thanhnd1982,1
Pi 497,+84,2363596906,Nxndevops@0497,Phan,Bá Hải,Nghianxn0497,thanhnd1982,1
Pi 498,+84,2363596907,Nxndevops@0498,Đỗ,Minh Sơn,Nghianxn0498,thanhnd1982,1
Pi 499,+84,2363596908,Nxndevops@0499,Bế,Văn Sơn,Nghianxn0499,thanhnd1982,1
Pi 500,+84,2363596909,Nxndevops@0500,Đỗ,Văn Sơn,Nghianxn0500,thanhnd1982,1
Pi 501,+84,2363596910,Nxndevops@0501,Lạc,Tấn Sơn,Nghianxn0501,thanhnd1982,1
Pi 502,+84,2363596911,Nxndevops@0502,Nguyễn,Tấn Khang,Nghianxn0502,thanhnd1982,1
Pi 503,+84,2363596912,Nxndevops@0503,Phùng,Xuân Khang,Nghianxn0503,thanhnd1982,1
Pi 504,+84,2363596913,Nxndevops@0504,Lạc,Văn Thủy,Nghianxn0504,thanhnd1982,1
Pi 505,+84,2363596914,Nxndevops@0505,Phùng,Tấn Nguyệt,Nghianxn0505,thanhnd1982,1
Pi 506,+84,2363596915,Nxndevops@0506,Lạc,Tấn Khang,Nghianxn0506,thanhnd1982,1
Pi 507,+84,2363596916,Nxndevops@0507,Võ,Thị Sang,Nghianxn0507,thanhnd1982,1
Pi 508,+84,2363596917,Nxndevops@0508,Phan,Chí Mai,Nghianxn0508,thanhnd1982,1
Pi 509,+84,2363596918,Nxndevops@0509,Cao,Minh Sang,Nghianxn0509,thanhnd1982,1
Pi 510,+84,2363596919,Nxndevops@0510,Đỗ,Minh Sang,Nghianxn0510,thanhnd1982,1
Pi 511,+84,2363596920,Nxndevops@0511,Cao,Tấn Nguyệt,Nghianxn0511,thanhnd1982,1
Pi 512,+84,2363596921,Nxndevops@0512,Phùng,Minh Sơn,Nghianxn0512,thanhnd1982,1
Pi 513,+84,2363596922,Nxndevops@0513,Lạc,Tấn Trinh,Nghianxn0513,thanhnd1982,1
Pi 514,+84,2363596923,Nxndevops@0514,Bế,Tấn Hải,Nghianxn0514,thanhnd1982,1
Pi 515,+84,2363596924,Nxndevops@0515,Phùng,Chí Trinh,Nghianxn0515,thanhnd1982,1
Pi 516,+84,2363596925,Nxndevops@0516,Phan,Văn Thủy,Nghianxn0516,thanhnd1982,1
Pi 517,+84,2363596926,Nxndevops@0517,Phùng,Thị Hải,Nghianxn0517,thanhnd1982,1
Pi 518,+84,2363596927,Nxndevops@0518,Võ,Bá Mai,Nghianxn0518,thanhnd1982,1
Pi 519,+84,2363596928,Nxndevops@0519,Lạc,Tấn Khang,Nghianxn0519,thanhnd1982,1
Pi 520,+84,2363596929,Nxndevops@0520,Phùng,Tấn Hải,Nghianxn0520,thanhnd1982,1
Pi 521,+84,2363596930,Nxndevops@0521,Phùng,Văn Khang,Nghianxn0521,thanhnd1982,1
Pi 522,+84,2363596931,Nxndevops@0522,Cao,Chí Sang,Nghianxn0522,thanhnd1982,1
Pi 523,+84,2363596932,Nxndevops@0523,Phan,Văn Mai,Nghianxn0523,thanhnd1982,1
Pi 524,+84,2363596933,Nxndevops@0524,Phan,Văn Khang,Nghianxn0524,thanhnd1982,1
Pi 525,+84,2363596934,Nxndevops@0525,Phan,Bá Hải,Nghianxn0525,thanhnd1982,1
Pi 526,+84,2363596935,Nxndevops@0526,Đỗ,Minh Hải,Nghianxn0526,thanhnd1982,1
Pi 527,+84,2363596936,Nxndevops@0527,Phùng,Minh Hải,Nghianxn0527,thanhnd1982,1
Pi 528,+84,2363596937,Nxndevops@0528,Nguyễn,Bá Nguyệt,Nghianxn0528,thanhnd1982,1
Pi 529,+84,2363596938,Nxndevops@0529,Lạc,Văn Hải,Nghianxn0529,thanhnd1982,1
Pi 530,+84,2363596939,Nxndevops@0530,Phan,Xuân Hải,Nghianxn0530,thanhnd1982,1
Pi 531,+84,2363596940,Nxndevops@0531,Nguyễn,Tấn Sang,Nghianxn0531,thanhnd1982,1
Pi 532,+84,2363596941,Nxndevops@0532,Phan,Văn Trinh,Nghianxn0532,thanhnd1982,1
Pi 533,+84,2363596942,Nxndevops@0533,Đỗ,Chí Thủy,Nghianxn0533,thanhnd1982,1
Pi 534,+84,2363596943,Nxndevops@0534,Lạc,Minh Thủy,Nghianxn0534,thanhnd1982,1
Pi 535,+84,2363596944,Nxndevops@0535,Cao,Xuân Hải,Nghianxn0535,thanhnd1982,1
Pi 536,+84,2363596945,Nxndevops@0536,Lạc,Minh Hải,Nghianxn0536,thanhnd1982,1
Pi 537,+84,2363596946,Nxndevops@0537,Nguyễn,Văn Khang,Nghianxn0537,thanhnd1982,1
Pi 538,+84,2363596947,Nxndevops@0538,Bế,Thị Trinh,Nghianxn0538,thanhnd1982,1
Pi 539,+84,2363596948,Nxndevops@0539,Cao,Bá Nguyệt,Nghianxn0539,thanhnd1982,1
Pi 540,+84,2363596949,Nxndevops@0540,Đỗ,Minh Trinh,Nghianxn0540,thanhnd1982,1
Pi 541,+84,2363596950,Nxndevops@0541,Phùng,Tấn Khang,Nghianxn0541,thanhnd1982,1
Pi 542,+84,2363596951,Nxndevops@0542,Võ,Chí Nguyệt,Nghianxn0542,thanhnd1982,1
Pi 543,+84,2363596952,Nxndevops@0543,Đỗ,Xuân Hải,Nghianxn0543,thanhnd1982,1
Pi 544,+84,2363596953,Nxndevops@0544,Võ,Chí Mai,Nghianxn0544,thanhnd1982,1
Pi 545,+84,2363596954,Nxndevops@0545,Lạc,Văn Sang,Nghianxn0545,thanhnd1982,1
Pi 546,+84,2363596955,Nxndevops@0546,Lạc,Tấn Khang,Nghianxn0546,thanhnd1982,1
Pi 547,+84,2363596956,Nxndevops@0547,Lạc,Minh Hải,Nghianxn0547,thanhnd1982,1
Pi 548,+84,2363596957,Nxndevops@0548,Cao,Tấn Sơn,Nghianxn0548,thanhnd1982,1
Pi 549,+84,2363596958,Nxndevops@0549,Cao,Thị Sang,Nghianxn0549,thanhnd1982,1
Pi 550,+84,2363596959,Nxndevops@0550,Nguyễn,Tấn Nguyệt,Nghianxn0550,thanhnd1982,1
Pi 551,+84,2363596960,Nxndevops@0551,Lạc,Văn Thủy,Nghianxn0551,thanhnd1982,1
Pi 552,+84,2363596961,Nxndevops@0552,Nguyễn,Thị Hải,Nghianxn0552,thanhnd1982,1
Pi 553,+84,2363596962,Nxndevops@0553,Nguyễn,Chí Khang,Nghianxn0553,thanhnd1982,1
Pi 554,+84,2363596963,Nxndevops@0554,Bế,Thị Nguyệt,Nghianxn0554,thanhnd1982,1
Pi 555,+84,2363596964,Nxndevops@0555,Đỗ,Xuân Sơn,Nghianxn0555,thanhnd1982,1
Pi 556,+84,2363596965,Nxndevops@0556,Võ,Bá Hải,Nghianxn0556,thanhnd1982,1
Pi 557,+84,2363596966,Nxndevops@0557,Phan,Văn Khang,Nghianxn0557,thanhnd1982,1
Pi 558,+84,2363596967,Nxndevops@0558,Bế,Minh Mai,Nghianxn0558,thanhnd1982,1
Pi 559,+84,2363596968,Nxndevops@0559,Lạc,Xuân Sang,Nghianxn0559,thanhnd1982,1
Pi 560,+84,2363596969,Nxndevops@0560,Cao,Thị Sang,Nghianxn0560,thanhnd1982,1
Pi 561,+84,2363596970,Nxndevops@0561,Cao,Văn Khang,Nghianxn0561,thanhnd1982,1
Pi 562,+84,2363596971,Nxndevops@0562,Bế,Văn Thủy,Nghianxn0562,thanhnd1982,1
Pi 563,+84,2363596972,Nxndevops@0563,Nguyễn,Chí Sơn,Nghianxn0563,thanhnd1982,1
Pi 564,+84,2363596973,Nxndevops@0564,Nguyễn,Văn Trinh,Nghianxn0564,thanhnd1982,1
Pi 565,+84,2363596974,Nxndevops@0565,Phan,Văn Mai,Nghianxn0565,thanhnd1982,1
Pi 566,+84,2363596975,Nxndevops@0566,Đỗ,Văn Mai,Nghianxn0566,thanhnd1982,1
Pi 567,+84,2363596976,Nxndevops@0567,Nguyễn,Tấn Hải,Nghianxn0567,thanhnd1982,1
Pi 568,+84,2363596977,Nxndevops@0568,Phan,Bá Hải,Nghianxn0568,thanhnd1982,1
Pi 569,+84,2363596978,Nxndevops@0569,Nguyễn,Văn Sang,Nghianxn0569,thanhnd1982,1
Pi 570,+84,2363596979,Nxndevops@0570,Phùng,Tấn Hải,Nghianxn0570,thanhnd1982,1
Pi 571,+84,2363596980,Nxndevops@0571,Cao,Minh Khang,Nghianxn0571,thanhnd1982,1
Pi 572,+84,2363596981,Nxndevops@0572,Đỗ,Chí Sang,Nghianxn0572,thanhnd1982,1
Pi 573,+84,2363596982,Nxndevops@0573,Cao,Tấn Trinh,Nghianxn0573,thanhnd1982,1
Pi 574,+84,2363596983,Nxndevops@0574,Phan,Thị Thủy,Nghianxn0574,thanhnd1982,1
Pi 575,+84,2363596984,Nxndevops@0575,Võ,Thị Nguyệt,Nghianxn0575,thanhnd1982,1
Pi 576,+84,2363596985,Nxndevops@0576,Lạc,Thị Sang,Nghianxn0576,thanhnd1982,1
Pi 577,+84,2363596986,Nxndevops@0577,Võ,Văn Thủy,Nghianxn0577,thanhnd1982,1
Pi 578,+84,2363596987,Nxndevops@0578,Phan,Minh Thủy,Nghianxn0578,thanhnd1982,1
Pi 579,+84,2363596988,Nxndevops@0579,Cao,Xuân Sang,Nghianxn0579,thanhnd1982,1
Pi 580,+84,2363596989,Nxndevops@0580,Cao,Chí Thủy,Nghianxn0580,thanhnd1982,1
Pi 581,+84,2363596990,Nxndevops@0581,Phan,Bá Nguyệt,Nghianxn0581,thanhnd1982,1
Pi 582,+84,2363596991,Nxndevops@0582,Phùng,Thị Nguyệt,Nghianxn0582,thanhnd1982,1
Pi 583,+84,2363596992,Nxndevops@0583,Cao,Văn Khang,Nghianxn0583,thanhnd1982,1
Pi 584,+84,2363596993,Nxndevops@0584,Võ,Xuân Mai,Nghianxn0584,thanhnd1982,1
Pi 585,+84,2363596994,Nxndevops@0585,Phan,Tấn Sơn,Nghianxn0585,thanhnd1982,1
Pi 586,+84,2363596995,Nxndevops@0586,Phan,Tấn Sang,Nghianxn0586,thanhnd1982,1
Pi 587,+84,2363596996,Nxndevops@0587,Võ,Minh Trinh,Nghianxn0587,thanhnd1982,1
Pi 588,+84,2363596997,Nxndevops@0588,Bế,Minh Hải,Nghianxn0588,thanhnd1982,1
Pi 589,+84,2363596998,Nxndevops@0589,Bế,Chí Mai,Nghianxn0589,thanhnd1982,1
Pi 590,+84,2363596999,Nxndevops@0590,Cao,Chí Mai,Nghianxn0590,thanhnd1982,1
Pi 591,+84,2363597000,Nxndevops@0591,Cao,Bá Mai,Nghianxn0591,thanhnd1982,1
Pi 592,+84,2363597001,Nxndevops@0592,Phùng,Chí Mai,Nghianxn0592,thanhnd1982,1
Pi 593,+84,2363597002,Nxndevops@0593,Bế,Xuân Khang,Nghianxn0593,thanhnd1982,1
Pi 594,+84,2363597003,Nxndevops@0594,Võ,Bá Trinh,Nghianxn0594,thanhnd1982,1
Pi 595,+84,2363597004,Nxndevops@0595,Lạc,Bá Sang,Nghianxn0595,thanhnd1982,1
Pi 596,+84,2363597005,Nxndevops@0596,Nguyễn,Minh Sơn,Nghianxn0596,thanhnd1982,1
Pi 597,+84,2363597006,Nxndevops@0597,Lạc,Chí Nguyệt,Nghianxn0597,thanhnd1982,1
Pi 598,+84,2363597007,Nxndevops@0598,Bế,Chí Hải,Nghianxn0598,thanhnd1982,1
Pi 599,+84,2363597008,Nxndevops@0599,Cao,Chí Hải,Nghianxn0599,thanhnd1982,1
Pi 600,+84,2363597009,Nxndevops@0600,Võ,Thị Sơn,Nghianxn0600,thanhnd1982,1
Pi 601,+84,2363597010,Nxndevops@0601,Đỗ,Chí Sang,Nghianxn0601,thanhnd1982,1
Pi 602,+84,2363597011,Nxndevops@0602,Phùng,Minh Sơn,Nghianxn0602,thanhnd1982,1
Pi 603,+84,2363597012,Nxndevops@0603,Phan,Tấn Sang,Nghianxn0603,thanhnd1982,1
Pi 604,+84,2363597013,Nxndevops@0604,Lạc,Thị Trinh,Nghianxn0604,thanhnd1982,1
Pi 605,+84,2363597014,Nxndevops@0605,Phùng,Chí Khang,Nghianxn0605,thanhnd1982,1
Pi 606,+84,2363597015,Nxndevops@0606,Phan,Bá Trinh,Nghianxn0606,thanhnd1982,1
Pi 607,+84,2363597016,Nxndevops@0607,Võ,Chí Hải,Nghianxn0607,thanhnd1982,1
Pi 608,+84,2363597017,Nxndevops@0608,Đỗ,Xuân Hải,Nghianxn0608,thanhnd1982,1
Pi 609,+84,2363597018,Nxndevops@0609,Phùng,Tấn Sang,Nghianxn0609,thanhnd1982,1
Pi 610,+84,2363597019,Nxndevops@0610,Võ,Chí Nguyệt,Nghianxn0610,thanhnd1982,1
Pi 611,+84,2363597020,Nxndevops@0611,Phan,Thị Trinh,Nghianxn0611,thanhnd1982,1
Pi 612,+84,2363597021,Nxndevops@0612,Đỗ,Văn Khang,Nghianxn0612,thanhnd1982,1
Pi 613,+84,2363597022,Nxndevops@0613,Bế,Tấn Nguyệt,Nghianxn0613,thanhnd1982,1
Pi 614,+84,2363597023,Nxndevops@0614,Võ,Thị Khang,Nghianxn0614,thanhnd1982,1
Pi 615,+84,2363597024,Nxndevops@0615,Bế,Bá Trinh,Nghianxn0615,thanhnd1982,1
Pi 616,+84,2363597025,Nxndevops@0616,Đỗ,Thị Thủy,Nghianxn0616,thanhnd1982,1
Pi 617,+84,2363597026,Nxndevops@0617,Phùng,Minh Sơn,Nghianxn0617,thanhnd1982,1
Pi 618,+84,2363597027,Nxndevops@0618,Phùng,Minh Mai,Nghianxn0618,thanhnd1982,1
Pi 619,+84,2363597028,Nxndevops@0619,Cao,Tấn Nguyệt,Nghianxn0619,thanhnd1982,1
Pi 620,+84,2363597029,Nxndevops@0620,Phùng,Văn Sang,Nghianxn0620,thanhnd1982,1
Pi 621,+84,2363597030,Nxndevops@0621,Nguyễn,Xuân Sơn,Nghianxn0621,thanhnd1982,1
Pi 622,+84,2363597031,Nxndevops@0622,Cao,Thị Mai,Nghianxn0622,thanhnd1982,1
Pi 623,+84,2363597032,Nxndevops@0623,Lạc,Chí Nguyệt,Nghianxn0623,thanhnd1982,1
Pi 624,+84,2363597033,Nxndevops@0624,Phan,Văn Mai,Nghianxn0624,thanhnd1982,1
Pi 625,+84,2363597034,Nxndevops@0625,Đỗ,Minh Sơn,Nghianxn0625,thanhnd1982,1
Pi 626,+84,2363597035,Nxndevops@0626,Bế,Minh Thủy,Nghianxn0626,thanhnd1982,1
Pi 627,+84,2363597036,Nxndevops@0627,Nguyễn,Minh Trinh,Nghianxn0627,thanhnd1982,1
Pi 628,+84,2363597037,Nxndevops@0628,Lạc,Xuân Mai,Nghianxn0628,thanhnd1982,1
Pi 629,+84,2363597038,Nxndevops@0629,Lạc,Thị Sơn,Nghianxn0629,thanhnd1982,1
Pi 630,+84,2363597039,Nxndevops@0630,Phùng,Xuân Hải,Nghianxn0630,thanhnd1982,1
Pi 631,+84,2363597040,Nxndevops@0631,Bế,Thị Thủy,Nghianxn0631,thanhnd1982,1
Pi 632,+84,2363597041,Nxndevops@0632,Phùng,Chí Trinh,Nghianxn0632,thanhnd1982,1
Pi 633,+84,2363597042,Nxndevops@0633,Bế,Xuân Nguyệt,Nghianxn0633,thanhnd1982,1
Pi 634,+84,2363597043,Nxndevops@0634,Lạc,Bá Nguyệt,Nghianxn0634,thanhnd1982,1
Pi 635,+84,2363597044,Nxndevops@0635,Phan,Minh Sơn,Nghianxn0635,thanhnd1982,1
Pi 636,+84,2363597045,Nxndevops@0636,Phùng,Văn Trinh,Nghianxn0636,thanhnd1982,1
Pi 637,+84,2363597046,Nxndevops@0637,Võ,Bá Mai,Nghianxn0637,thanhnd1982,1
Pi 638,+84,2363597047,Nxndevops@0638,Phùng,Văn Sơn,Nghianxn0638,thanhnd1982,1
Pi 639,+84,2363597048,Nxndevops@0639,Võ,Tấn Mai,Nghianxn0639,thanhnd1982,1
Pi 640,+84,2363597049,Nxndevops@0640,Phan,Xuân Khang,Nghianxn0640,thanhnd1982,1
Pi 641,+84,2363597050,Nxndevops@0641,Phùng,Minh Hải,Nghianxn0641,thanhnd1982,1
Pi 642,+84,2363597051,Nxndevops@0642,Đỗ,Xuân Hải,Nghianxn0642,thanhnd1982,1
Pi 643,+84,2363597052,Nxndevops@0643,Phùng,Bá Trinh,Nghianxn0643,thanhnd1982,1
Pi 644,+84,2363597053,Nxndevops@0644,Cao,Thị Sang,Nghianxn0644,thanhnd1982,1
Pi 645,+84,2363597054,Nxndevops@0645,Phan,Tấn Nguyệt,Nghianxn0645,thanhnd1982,1
Pi 646,+84,2363597055,Nxndevops@0646,Lạc,Minh Mai,Nghianxn0646,thanhnd1982,1
Pi 647,+84,2363597056,Nxndevops@0647,Đỗ,Thị Sơn,Nghianxn0647,thanhnd1982,1
Pi 648,+84,2363597057,Nxndevops@0648,Nguyễn,Chí Trinh,Nghianxn0648,thanhnd1982,1
Pi 649,+84,2363597058,Nxndevops@0649,Đỗ,Chí Nguyệt,Nghianxn0649,thanhnd1982,1
Pi 650,+84,2363597059,Nxndevops@0650,Phan,Xuân Nguyệt,Nghianxn0650,thanhnd1982,1
Pi 651,+84,2363597060,Nxndevops@0651,Đỗ,Thị Hải,Nghianxn0651,thanhnd1982,1
Pi 652,+84,2363597061,Nxndevops@0652,Võ,Xuân Mai,Nghianxn0652,thanhnd1982,1
Pi 653,+84,2363597062,Nxndevops@0653,Võ,Văn Nguyệt,Nghianxn0653,thanhnd1982,1
Pi 654,+84,2363597063,Nxndevops@0654,Cao,Minh Mai,Nghianxn0654,thanhnd1982,1
Pi 655,+84,2363597064,Nxndevops@0655,Bế,Chí Mai,Nghianxn0655,thanhnd1982,1
Pi 656,+84,2363597065,Nxndevops@0656,Lạc,Văn Thủy,Nghianxn0656,thanhnd1982,1
Pi 657,+84,2363597066,Nxndevops@0657,Lạc,Minh Trinh,Nghianxn0657,thanhnd1982,1
Pi 658,+84,2363597067,Nxndevops@0658,Phùng,Xuân Mai,Nghianxn0658,thanhnd1982,1
Pi 659,+84,2363597068,Nxndevops@0659,Bế,Bá Mai,Nghianxn0659,thanhnd1982,1
Pi 660,+84,2363597069,Nxndevops@0660,Cao,Chí Nguyệt,Nghianxn0660,thanhnd1982,1
Pi 661,+84,2363597070,Nxndevops@0661,Lạc,Thị Thủy,Nghianxn0661,thanhnd1982,1
Pi 662,+84,2363597071,Nxndevops@0662,Phan,Thị Trinh,Nghianxn0662,thanhnd1982,1
Pi 663,+84,2363597072,Nxndevops@0663,Phan,Xuân Mai,Nghianxn0663,thanhnd1982,1
Pi 664,+84,2363597073,Nxndevops@0664,Bế,Tấn Sang,Nghianxn0664,thanhnd1982,1
Pi 665,+84,2363597074,Nxndevops@0665,Lạc,Minh Sơn,Nghianxn0665,thanhnd1982,1
Pi 666,+84,2363597075,Nxndevops@0666,Cao,Văn Mai,Nghianxn0666,thanhnd1982,1
Pi 667,+84,2363597076,Nxndevops@0667,Phan,Chí Sơn,Nghianxn0667,thanhnd1982,1
Pi 668,+84,2363597077,Nxndevops@0668,Nguyễn,Văn Sơn,Nghianxn0668,thanhnd1982,1
Pi 669,+84,2363597078,Nxndevops@0669,Phùng,Thị Thủy,Nghianxn0669,thanhnd1982,1
Pi 670,+84,2363597079,Nxndevops@0670,Phùng,Tấn Khang,Nghianxn0670,thanhnd1982,1
Pi 671,+84,2363597080,Nxndevops@0671,Đỗ,Minh Mai,Nghianxn0671,thanhnd1982,1
Pi 672,+84,2363597081,Nxndevops@0672,Võ,Văn Sơn,Nghianxn0672,thanhnd1982,1
Pi 673,+84,2363597082,Nxndevops@0673,Lạc,Chí Thủy,Nghianxn0673,thanhnd1982,1
Pi 674,+84,2363597083,Nxndevops@0674,Đỗ,Văn Hải,Nghianxn0674,thanhnd1982,1
Pi 675,+84,2363597084,Nxndevops@0675,Cao,Bá Khang,Nghianxn0675,thanhnd1982,1
Pi 676,+84,2363597085,Nxndevops@0676,Võ,Chí Mai,Nghianxn0676,thanhnd1982,1
Pi 677,+84,2363597086,Nxndevops@0677,Nguyễn,Minh Khang,Nghianxn0677,thanhnd1982,1
Pi 678,+84,2363597087,Nxndevops@0678,Đỗ,Chí Hải,Nghianxn0678,thanhnd1982,1
Pi 679,+84,2363597088,Nxndevops@0679,Võ,Minh Thủy,Nghianxn0679,thanhnd1982,1
Pi 680,+84,2363597089,Nxndevops@0680,Cao,Tấn Hải,Nghianxn0680,thanhnd1982,1
Pi 681,+84,2363597090,Nxndevops@0681,Đỗ,Thị Thủy,Nghianxn0681,thanhnd1982,1
Pi 682,+84,2363597091,Nxndevops@0682,Phan,Chí Sơn,Nghianxn0682,thanhnd1982,1
Pi 683,+84,2363597092,Nxndevops@0683,Phan,Văn Nguyệt,Nghianxn0683,thanhnd1982,1
Pi 684,+84,2363597093,Nxndevops@0684,Phùng,Chí Nguyệt,Nghianxn0684,thanhnd1982,1
Pi 685,+84,2363597094,Nxndevops@0685,Phan,Xuân Nguyệt,Nghianxn0685,thanhnd1982,1
Pi 686,+84,2363597095,Nxndevops@0686,Cao,Xuân Thủy,Nghianxn0686,thanhnd1982,1
Pi 687,+84,2363597096,Nxndevops@0687,Võ,Xuân Mai,Nghianxn0687,thanhnd1982,1
Pi 688,+84,2363597097,Nxndevops@0688,Võ,Bá Thủy,Nghianxn0688,thanhnd1982,1
Pi 689,+84,2363597098,Nxndevops@0689,Phùng,Thị Sang,Nghianxn0689,thanhnd1982,1
Pi 690,+84,2363597099,Nxndevops@0690,Võ,Chí Nguyệt,Nghianxn0690,thanhnd1982,1
Pi 691,+84,2363597100,Nxndevops@0691,Nguyễn,Minh Sang,Nghianxn0691,thanhnd1982,1
Pi 692,+84,2363597101,Nxndevops@0692,Lạc,Thị Thủy,Nghianxn0692,thanhnd1982,1
Pi 693,+84,2363597102,Nxndevops@0693,Nguyễn,Xuân Hải,Nghianxn0693,thanhnd1982,1
Pi 694,+84,2363597103,Nxndevops@0694,Bế,Chí Sơn,Nghianxn0694,thanhnd1982,1
Pi 695,+84,2363597104,Nxndevops@0695,Đỗ,Minh Hải,Nghianxn0695,thanhnd1982,1
Pi 696,+84,2363597105,Nxndevops@0696,Phan,Xuân Mai,Nghianxn0696,thanhnd1982,1
Pi 697,+84,2363597106,Nxndevops@0697,Đỗ,Tấn Sơn,Nghianxn0697,thanhnd1982,1
Pi 698,+84,2363597107,Nxndevops@0698,Võ,Chí Nguyệt,Nghianxn0698,thanhnd1982,1
Pi 699,+84,2363597108,Nxndevops@0699,Nguyễn,Tấn Trinh,Nghianxn0699,thanhnd1982,1
Pi 700,+84,2363597109,Nxndevops@0700,Võ,Thị Sang,Nghianxn0700,thanhnd1982,1
Pi 701,+84,2363597110,Nxndevops@0701,Nguyễn,Chí Hải,Nghianxn0701,thanhnd1982,1
Pi 702,+84,2363597111,Nxndevops@0702,Phùng,Xuân Sơn,Nghianxn0702,thanhnd1982,1
Pi 703,+84,2363597112,Nxndevops@0703,Cao,Thị Nguyệt,Nghianxn0703,thanhnd1982,1
Pi 704,+84,2363597113,Nxndevops@0704,Phùng,Xuân Khang,Nghianxn0704,thanhnd1982,1
Pi 705,+84,2363597114,Nxndevops@0705,Bế,Văn Khang,Nghianxn0705,thanhnd1982,1
Pi 706,+84,2363597115,Nxndevops@0706,Nguyễn,Minh Thủy,Nghianxn0706,thanhnd1982,1
Pi 707,+84,2363597116,Nxndevops@0707,Bế,Xuân Nguyệt,Nghianxn0707,thanhnd1982,1
Pi 708,+84,2363597117,Nxndevops@0708,Đỗ,Xuân Sơn,Nghianxn0708,thanhnd1982,1
Pi 709,+84,2363597118,Nxndevops@0709,Phùng,Thị Hải,Nghianxn0709,thanhnd1982,1
Pi 710,+84,2363597119,Nxndevops@0710,Cao,Tấn Hải,Nghianxn0710,thanhnd1982,1
Pi 711,+84,2363597120,Nxndevops@0711,Nguyễn,Thị Sơn,Nghianxn0711,thanhnd1982,1
Pi 712,+84,2363597121,Nxndevops@0712,Phùng,Thị Trinh,Nghianxn0712,thanhnd1982,1
Pi 713,+84,2363597122,Nxndevops@0713,Cao,Thị Thủy,Nghianxn0713,thanhnd1982,1
Pi 714,+84,2363597123,Nxndevops@0714,Nguyễn,Tấn Khang,Nghianxn0714,thanhnd1982,1
Pi 715,+84,2363597124,Nxndevops@0715,Phan,Tấn Sơn,Nghianxn0715,thanhnd1982,1
Pi 716,+84,2363597125,Nxndevops@0716,Nguyễn,Tấn Khang,Nghianxn0716,thanhnd1982,1
Pi 717,+84,2363597126,Nxndevops@0717,Cao,Xuân Sơn,Nghianxn0717,thanhnd1982,1
Pi 718,+84,2363597127,Nxndevops@0718,Đỗ,Bá Khang,Nghianxn0718,thanhnd1982,1
Pi 719,+84,2363597128,Nxndevops@0719,Nguyễn,Bá Sơn,Nghianxn0719,thanhnd1982,1
Pi 720,+84,2363597129,Nxndevops@0720,Phùng,Bá Trinh,Nghianxn0720,thanhnd1982,1
Pi 721,+84,2363597130,Nxndevops@0721,Võ,Văn Sang,Nghianxn0721,thanhnd1982,1
Pi 722,+84,2363597131,Nxndevops@0722,Nguyễn,Văn Sang,Nghianxn0722,thanhnd1982,1
Pi 723,+84,2363597132,Nxndevops@0723,Cao,Chí Thủy,Nghianxn0723,thanhnd1982,1
Pi 724,+84,2363597133,Nxndevops@0724,Phan,Văn Hải,Nghianxn0724,thanhnd1982,1
Pi 725,+84,2363597134,Nxndevops@0725,Võ,Văn Mai,Nghianxn0725,thanhnd1982,1
Pi 726,+84,2363597135,Nxndevops@0726,Bế,Văn Trinh,Nghianxn0726,thanhnd1982,1
Pi 727,+84,2363597136,Nxndevops@0727,Bế,Chí Khang,Nghianxn0727,thanhnd1982,1
Pi 728,+84,2363597137,Nxndevops@0728,Bế,Tấn Nguyệt,Nghianxn0728,thanhnd1982,1
Pi 729,+84,2363597138,Nxndevops@0729,Nguyễn,Chí Nguyệt,Nghianxn0729,thanhnd1982,1
Pi 730,+84,2363597139,Nxndevops@0730,Bế,Văn Thủy,Nghianxn0730,thanhnd1982,1
Pi 731,+84,2363597140,Nxndevops@0731,Nguyễn,Chí Sơn,Nghianxn0731,thanhnd1982,1
Pi 732,+84,2363597141,Nxndevops@0732,Phùng,Chí Sang,Nghianxn0732,thanhnd1982,1
Pi 733,+84,2363597142,Nxndevops@0733,Đỗ,Chí Thủy,Nghianxn0733,thanhnd1982,1
Pi 734,+84,2363597143,Nxndevops@0734,Nguyễn,Tấn Nguyệt,Nghianxn0734,thanhnd1982,1
Pi 735,+84,2363597144,Nxndevops@0735,Phan,Bá Mai,Nghianxn0735,thanhnd1982,1
Pi 736,+84,2363597145,Nxndevops@0736,Lạc,Minh Sơn,Nghianxn0736,thanhnd1982,1
Pi 737,+84,2363597146,Nxndevops@0737,Cao,Văn Nguyệt,Nghianxn0737,thanhnd1982,1
Pi 738,+84,2363597147,Nxndevops@0738,Nguyễn,Thị Sang,Nghianxn0738,thanhnd1982,1
Pi 739,+84,2363597148,Nxndevops@0739,Cao,Bá Khang,Nghianxn0739,thanhnd1982,1
Pi 740,+84,2363597149,Nxndevops@0740,Lạc,Xuân Nguyệt,Nghianxn0740,thanhnd1982,1
Pi 741,+84,2363597150,Nxndevops@0741,Phan,Tấn Mai,Nghianxn0741,thanhnd1982,1
Pi 742,+84,2363597151,Nxndevops@0742,Đỗ,Chí Nguyệt,Nghianxn0742,thanhnd1982,1
Pi 743,+84,2363597152,Nxndevops@0743,Nguyễn,Tấn Khang,Nghianxn0743,thanhnd1982,1
Pi 744,+84,2363597153,Nxndevops@0744,Phan,Minh Nguyệt,Nghianxn0744,thanhnd1982,1
Pi 745,+84,2363597154,Nxndevops@0745,Võ,Minh Mai,Nghianxn0745,thanhnd1982,1
Pi 746,+84,2363597155,Nxndevops@0746,Cao,Văn Thủy,Nghianxn0746,thanhnd1982,1
Pi 747,+84,2363597156,Nxndevops@0747,Nguyễn,Minh Khang,Nghianxn0747,thanhnd1982,1
Pi 748,+84,2363597157,Nxndevops@0748,Phan,Minh Trinh,Nghianxn0748,thanhnd1982,1
Pi 749,+84,2363597158,Nxndevops@0749,Võ,Chí Mai,Nghianxn0749,thanhnd1982,1
Pi 750,+84,2363597159,Nxndevops@0750,Đỗ,Minh Khang,Nghianxn0750,thanhnd1982,1
Pi 751,+84,2363597160,Nxndevops@0751,Bế,Chí Nguyệt,Nghianxn0751,thanhnd1982,1
Pi 752,+84,2363597161,Nxndevops@0752,Lạc,Văn Sang,Nghianxn0752,thanhnd1982,1
Pi 753,+84,2363597162,Nxndevops@0753,Võ,Minh Thủy,Nghianxn0753,thanhnd1982,1
Pi 754,+84,2363597163,Nxndevops@0754,Võ,Tấn Sang,Nghianxn0754,thanhnd1982,1
Pi 755,+84,2363597164,Nxndevops@0755,Cao,Chí Hải,Nghianxn0755,thanhnd1982,1
Pi 756,+84,2363597165,Nxndevops@0756,Lạc,Bá Thủy,Nghianxn0756,thanhnd1982,1
Pi 757,+84,2363597166,Nxndevops@0757,Đỗ,Bá Trinh,Nghianxn0757,thanhnd1982,1
Pi 758,+84,2363597167,Nxndevops@0758,Đỗ,Bá Hải,Nghianxn0758,thanhnd1982,1
Pi 759,+84,2363597168,Nxndevops@0759,Lạc,Xuân Nguyệt,Nghianxn0759,thanhnd1982,1
Pi 760,+84,2363597169,Nxndevops@0760,Bế,Minh Thủy,Nghianxn0760,thanhnd1982,1
Pi 761,+84,2363597170,Nxndevops@0761,Phùng,Bá Sang,Nghianxn0761,thanhnd1982,1
Pi 762,+84,2363597171,Nxndevops@0762,Bế,Xuân Sơn,Nghianxn0762,thanhnd1982,1
Pi 763,+84,2363597172,Nxndevops@0763,Phan,Thị Khang,Nghianxn0763,thanhnd1982,1
Pi 764,+84,2363597173,Nxndevops@0764,Võ,Bá Nguyệt,Nghianxn0764,thanhnd1982,1
Pi 765,+84,2363597174,Nxndevops@0765,Võ,Bá Trinh,Nghianxn0765,thanhnd1982,1
Pi 766,+84,2363597175,Nxndevops@0766,Lạc,Văn Trinh,Nghianxn0766,thanhnd1982,1
Pi 767,+84,2363597176,Nxndevops@0767,Phan,Bá Sang,Nghianxn0767,thanhnd1982,1
Pi 768,+84,2363597177,Nxndevops@0768,Bế,Bá Sơn,Nghianxn0768,thanhnd1982,1
Pi 769,+84,2363597178,Nxndevops@0769,Nguyễn,Bá Trinh,Nghianxn0769,thanhnd1982,1
Pi 770,+84,2363597179,Nxndevops@0770,Bế,Bá Khang,Nghianxn0770,thanhnd1982,1
Pi 771,+84,2363597180,Nxndevops@0771,Phan,Văn Hải,Nghianxn0771,thanhnd1982,1
Pi 772,+84,2363597181,Nxndevops@0772,Võ,Bá Nguyệt,Nghianxn0772,thanhnd1982,1
Pi 773,+84,2363597182,Nxndevops@0773,Đỗ,Bá Thủy,Nghianxn0773,thanhnd1982,1
Pi 774,+84,2363597183,Nxndevops@0774,Phùng,Chí Trinh,Nghianxn0774,thanhnd1982,1
Pi 775,+84,2363597184,Nxndevops@0775,Nguyễn,Văn Sang,Nghianxn0775,thanhnd1982,1
Pi 776,+84,2363597185,Nxndevops@0776,Võ,Thị Hải,Nghianxn0776,thanhnd1982,1
Pi 777,+84,2363597186,Nxndevops@0777,Lạc,Bá Hải,Nghianxn0777,thanhnd1982,1
Pi 778,+84,2363597187,Nxndevops@0778,Nguyễn,Tấn Sang,Nghianxn0778,thanhnd1982,1
Pi 779,+84,2363597188,Nxndevops@0779,Lạc,Tấn Hải,Nghianxn0779,thanhnd1982,1
Pi 780,+84,2363597189,Nxndevops@0780,Nguyễn,Văn Nguyệt,Nghianxn0780,thanhnd1982,1
Pi 781,+84,2363597190,Nxndevops@0781,Võ,Xuân Trinh,Nghianxn0781,thanhnd1982,1
Pi 782,+84,2363597191,Nxndevops@0782,Cao,Thị Thủy,Nghianxn0782,thanhnd1982,1
Pi 783,+84,2363597192,Nxndevops@0783,Cao,Thị Thủy,Nghianxn0783,thanhnd1982,1
Pi 784,+84,2363597193,Nxndevops@0784,Võ,Xuân Sang,Nghianxn0784,thanhnd1982,1
Pi 785,+84,2363597194,Nxndevops@0785,Võ,Minh Nguyệt,Nghianxn0785,thanhnd1982,1
Pi 786,+84,2363597195,Nxndevops@0786,Lạc,Bá Sang,Nghianxn0786,thanhnd1982,1
Pi 787,+84,2363597196,Nxndevops@0787,Bế,Thị Khang,Nghianxn0787,thanhnd1982,1
Pi 788,+84,2363597197,Nxndevops@0788,Phùng,Văn Trinh,Nghianxn0788,thanhnd1982,1
Pi 789,+84,2363597198,Nxndevops@0789,Phan,Thị Sơn,Nghianxn0789,thanhnd1982,1
Pi 790,+84,2363597199,Nxndevops@0790,Võ,Tấn Nguyệt,Nghianxn0790,thanhnd1982,1
Pi 791,+84,2363597200,Nxndevops@0791,Đỗ,Tấn Sơn,Nghianxn0791,thanhnd1982,1
Pi 792,+84,2363597201,Nxndevops@0792,Phan,Bá Trinh,Nghianxn0792,thanhnd1982,1
Pi 793,+84,2363597202,Nxndevops@0793,Võ,Chí Sơn,Nghianxn0793,thanhnd1982,1
Pi 794,+84,2363597203,Nxndevops@0794,Đỗ,Tấn Nguyệt,Nghianxn0794,thanhnd1982,1
Pi 795,+84,2363597204,Nxndevops@0795,Đỗ,Thị Thủy,Nghianxn0795,thanhnd1982,1
Pi 796,+84,2363597205,Nxndevops@0796,Đỗ,Bá Nguyệt,Nghianxn0796,thanhnd1982,1
Pi 797,+84,2363597206,Nxndevops@0797,Bế,Bá Nguyệt,Nghianxn0797,thanhnd1982,1
Pi 798,+84,2363597207,Nxndevops@0798,Nguyễn,Bá Mai,Nghianxn0798,thanhnd1982,1
Pi 799,+84,2363597208,Nxndevops@0799,Võ,Thị Sơn,Nghianxn0799,thanhnd1982,1
Pi 800,+84,2363597209,Nxndevops@0800,Cao,Chí Thủy,Nghianxn0800,thanhnd1982,1
Pi 801,+84,2363597210,Nxndevops@0801,Đỗ,Xuân Mai,Nghianxn0801,thanhnd1982,1
Pi 802,+84,2363597211,Nxndevops@0802,Đỗ,Thị Thủy,Nghianxn0802,thanhnd1982,1
Pi 803,+84,2363597212,Nxndevops@0803,Võ,Minh Thủy,Nghianxn0803,thanhnd1982,1
Pi 804,+84,2363597213,Nxndevops@0804,Đỗ,Tấn Thủy,Nghianxn0804,thanhnd1982,1
Pi 805,+84,2363597214,Nxndevops@0805,Lạc,Chí Sang,Nghianxn0805,thanhnd1982,1
Pi 806,+84,2363597215,Nxndevops@0806,Võ,Tấn Sơn,Nghianxn0806,thanhnd1982,1
Pi 807,+84,2363597216,Nxndevops@0807,Nguyễn,Xuân Sang,Nghianxn0807,thanhnd1982,1
Pi 808,+84,2363597217,Nxndevops@0808,Đỗ,Chí Trinh,Nghianxn0808,thanhnd1982,1
Pi 809,+84,2363597218,Nxndevops@0809,Cao,Chí Sơn,Nghianxn0809,thanhnd1982,1
Pi 810,+84,2363597219,Nxndevops@0810,Phùng,Văn Khang,Nghianxn0810,thanhnd1982,1
Pi 811,+84,2363597220,Nxndevops@0811,Đỗ,Tấn Nguyệt,Nghianxn0811,thanhnd1982,1
Pi 812,+84,2363597221,Nxndevops@0812,Nguyễn,Minh Sang,Nghianxn0812,thanhnd1982,1
Pi 813,+84,2363597222,Nxndevops@0813,Võ,Chí Hải,Nghianxn0813,thanhnd1982,1
Pi 814,+84,2363597223,Nxndevops@0814,Đỗ,Chí Mai,Nghianxn0814,thanhnd1982,1
Pi 815,+84,2363597224,Nxndevops@0815,Cao,Xuân Hải,Nghianxn0815,thanhnd1982,1
Pi 816,+84,2363597225,Nxndevops@0816,Lạc,Xuân Thủy,Nghianxn0816,thanhnd1982,1
Pi 817,+84,2363597226,Nxndevops@0817,Bế,Xuân Nguyệt,Nghianxn0817,thanhnd1982,1
Pi 818,+84,2363597227,Nxndevops@0818,Võ,Minh Mai,Nghianxn0818,thanhnd1982,1
Pi 819,+84,2363597228,Nxndevops@0819,Võ,Thị Thủy,Nghianxn0819,thanhnd1982,1
Pi 820,+84,2363597229,Nxndevops@0820,Phan,Xuân Mai,Nghianxn0820,thanhnd1982,1
Pi 821,+84,2363597230,Nxndevops@0821,Nguyễn,Văn Hải,Nghianxn0821,thanhnd1982,1
Pi 822,+84,2363597231,Nxndevops@0822,Nguyễn,Tấn Sang,Nghianxn0822,thanhnd1982,1
Pi 823,+84,2363597232,Nxndevops@0823,Cao,Văn Nguyệt,Nghianxn0823,thanhnd1982,1
Pi 824,+84,2363597233,Nxndevops@0824,Lạc,Minh Khang,Nghianxn0824,thanhnd1982,1
Pi 825,+84,2363597234,Nxndevops@0825,Phùng,Văn Hải,Nghianxn0825,thanhnd1982,1
Pi 826,+84,2363597235,Nxndevops@0826,Cao,Tấn Mai,Nghianxn0826,thanhnd1982,1
Pi 827,+84,2363597236,Nxndevops@0827,Lạc,Tấn Trinh,Nghianxn0827,thanhnd1982,1
Pi 828,+84,2363597237,Nxndevops@0828,Phan,Bá Hải,Nghianxn0828,thanhnd1982,1
Pi 829,+84,2363597238,Nxndevops@0829,Lạc,Bá Sang,Nghianxn0829,thanhnd1982,1
Pi 830,+84,2363597239,Nxndevops@0830,Phùng,Tấn Khang,Nghianxn0830,thanhnd1982,1
Pi 831,+84,2363597240,Nxndevops@0831,Phan,Tấn Trinh,Nghianxn0831,thanhnd1982,1
Pi 832,+84,2363597241,Nxndevops@0832,Võ,Tấn Mai,Nghianxn0832,thanhnd1982,1
Pi 833,+84,2363597242,Nxndevops@0833,Nguyễn,Xuân Thủy,Nghianxn0833,thanhnd1982,1
Pi 834,+84,2363597243,Nxndevops@0834,Võ,Minh Sơn,Nghianxn0834,thanhnd1982,1
Pi 835,+84,2363597244,Nxndevops@0835,Lạc,Thị Khang,Nghianxn0835,thanhnd1982,1
Pi 836,+84,2363597245,Nxndevops@0836,Võ,Minh Hải,Nghianxn0836,thanhnd1982,1
Pi 837,+84,2363597246,Nxndevops@0837,Phùng,Chí Nguyệt,Nghianxn0837,thanhnd1982,1
Pi 838,+84,2363597247,Nxndevops@0838,Võ,Xuân Trinh,Nghianxn0838,thanhnd1982,1
Pi 839,+84,2363597248,Nxndevops@0839,Nguyễn,Bá Sang,Nghianxn0839,thanhnd1982,1
Pi 840,+84,2363597249,Nxndevops@0840,Bế,Minh Thủy,Nghianxn0840,thanhnd1982,1
Pi 841,+84,2363597250,Nxndevops@0841,Bế,Thị Sơn,Nghianxn0841,thanhnd1982,1
Pi 842,+84,2363597251,Nxndevops@0842,Đỗ,Tấn Khang,Nghianxn0842,thanhnd1982,1
Pi 843,+84,2363597252,Nxndevops@0843,Bế,Văn Thủy,Nghianxn0843,thanhnd1982,1
Pi 844,+84,2363597253,Nxndevops@0844,Phùng,Thị Nguyệt,Nghianxn0844,thanhnd1982,1
Pi 845,+84,2363597254,Nxndevops@0845,Nguyễn,Thị Sơn,Nghianxn0845,thanhnd1982,1
Pi 846,+84,2363597255,Nxndevops@0846,Võ,Văn Sơn,Nghianxn0846,thanhnd1982,1
Pi 847,+84,2363597256,Nxndevops@0847,Lạc,Văn Sơn,Nghianxn0847,thanhnd1982,1
Pi 848,+84,2363597257,Nxndevops@0848,Cao,Xuân Mai,Nghianxn0848,thanhnd1982,1
Pi 849,+84,2363597258,Nxndevops@0849,Bế,Xuân Sơn,Nghianxn0849,thanhnd1982,1
Pi 850,+84,2363597259,Nxndevops@0850,Nguyễn,Văn Trinh,Nghianxn0850,thanhnd1982,1
Pi 851,+84,2363597260,Nxndevops@0851,Lạc,Bá Trinh,Nghianxn0851,thanhnd1982,1
Pi 852,+84,2363597261,Nxndevops@0852,Võ,Minh Sơn,Nghianxn0852,thanhnd1982,1
Pi 853,+84,2363597262,Nxndevops@0853,Nguyễn,Minh Mai,Nghianxn0853,thanhnd1982,1
Pi 854,+84,2363597263,Nxndevops@0854,Phùng,Xuân Mai,Nghianxn0854,thanhnd1982,1
Pi 855,+84,2363597264,Nxndevops@0855,Đỗ,Bá Thủy,Nghianxn0855,thanhnd1982,1
Pi 856,+84,2363597265,Nxndevops@0856,Võ,Văn Sơn,Nghianxn0856,thanhnd1982,1
Pi 857,+84,2363597266,Nxndevops@0857,Lạc,Xuân Mai,Nghianxn0857,thanhnd1982,1
Pi 858,+84,2363597267,Nxndevops@0858,Bế,Chí Thủy,Nghianxn0858,thanhnd1982,1
Pi 859,+84,2363597268,Nxndevops@0859,Phùng,Bá Thủy,Nghianxn0859,thanhnd1982,1
Pi 860,+84,2363597269,Nxndevops@0860,Lạc,Văn Nguyệt,Nghianxn0860,thanhnd1982,1
Pi 861,+84,2363597270,Nxndevops@0861,Lạc,Thị Nguyệt,Nghianxn0861,thanhnd1982,1
Pi 862,+84,2363597271,Nxndevops@0862,Phùng,Văn Thủy,Nghianxn0862,thanhnd1982,1
Pi 863,+84,2363597272,Nxndevops@0863,Bế,Văn Thủy,Nghianxn0863,thanhnd1982,1
Pi 864,+84,2363597273,Nxndevops@0864,Lạc,Minh Sơn,Nghianxn0864,thanhnd1982,1
Pi 865,+84,2363597274,Nxndevops@0865,Cao,Văn Mai,Nghianxn0865,thanhnd1982,1
Pi 866,+84,2363597275,Nxndevops@0866,Võ,Thị Thủy,Nghianxn0866,thanhnd1982,1
Pi 867,+84,2363597276,Nxndevops@0867,Cao,Chí Sang,Nghianxn0867,thanhnd1982,1
Pi 868,+84,2363597277,Nxndevops@0868,Võ,Thị Sang,Nghianxn0868,thanhnd1982,1
Pi 869,+84,2363597278,Nxndevops@0869,Đỗ,Chí Trinh,Nghianxn0869,thanhnd1982,1
Pi 870,+84,2363597279,Nxndevops@0870,Đỗ,Xuân Hải,Nghianxn0870,thanhnd1982,1
Pi 871,+84,2363597280,Nxndevops@0871,Võ,Tấn Nguyệt,Nghianxn0871,thanhnd1982,1
Pi 872,+84,2363597281,Nxndevops@0872,Bế,Thị Nguyệt,Nghianxn0872,thanhnd1982,1
Pi 873,+84,2363597282,Nxndevops@0873,Võ,Thị Sang,Nghianxn0873,thanhnd1982,1
Pi 874,+84,2363597283,Nxndevops@0874,Nguyễn,Văn Khang,Nghianxn0874,thanhnd1982,1
Pi 875,+84,2363597284,Nxndevops@0875,Phan,Minh Khang,Nghianxn0875,thanhnd1982,1
Pi 876,+84,2363597285,Nxndevops@0876,Đỗ,Thị Sơn,Nghianxn0876,thanhnd1982,1
Pi 877,+84,2363597286,Nxndevops@0877,Đỗ,Thị Thủy,Nghianxn0877,thanhnd1982,1
Pi 878,+84,2363597287,Nxndevops@0878,Nguyễn,Thị Khang,Nghianxn0878,thanhnd1982,1
Pi 879,+84,2363597288,Nxndevops@0879,Nguyễn,Chí Trinh,Nghianxn0879,thanhnd1982,1
Pi 880,+84,2363597289,Nxndevops@0880,Phùng,Văn Mai,Nghianxn0880,thanhnd1982,1
Pi 881,+84,2363597290,Nxndevops@0881,Nguyễn,Thị Hải,Nghianxn0881,thanhnd1982,1
Pi 882,+84,2363597291,Nxndevops@0882,Phùng,Xuân Thủy,Nghianxn0882,thanhnd1982,1
Pi 883,+84,2363597292,Nxndevops@0883,Lạc,Tấn Khang,Nghianxn0883,thanhnd1982,1
Pi 884,+84,2363597293,Nxndevops@0884,Lạc,Bá Thủy,Nghianxn0884,thanhnd1982,1
Pi 885,+84,2363597294,Nxndevops@0885,Nguyễn,Xuân Thủy,Nghianxn0885,thanhnd1982,1
Pi 886,+84,2363597295,Nxndevops@0886,Võ,Bá Trinh,Nghianxn0886,thanhnd1982,1
Pi 887,+84,2363597296,Nxndevops@0887,Bế,Minh Hải,Nghianxn0887,thanhnd1982,1
Pi 888,+84,2363597297,Nxndevops@0888,Cao,Văn Trinh,Nghianxn0888,thanhnd1982,1
Pi 889,+84,2363597298,Nxndevops@0889,Phan,Tấn Mai,Nghianxn0889,thanhnd1982,1
Pi 890,+84,2363597299,Nxndevops@0890,Võ,Tấn Nguyệt,Nghianxn0890,thanhnd1982,1
Pi 891,+84,2363597300,Nxndevops@0891,Võ,Chí Mai,Nghianxn0891,thanhnd1982,1
Pi 892,+84,2363597301,Nxndevops@0892,Võ,Chí Thủy,Nghianxn0892,thanhnd1982,1
Pi 893,+84,2363597302,Nxndevops@0893,Cao,Minh Mai,Nghianxn0893,thanhnd1982,1
Pi 894,+84,2363597303,Nxndevops@0894,Nguyễn,Tấn Sơn,Nghianxn0894,thanhnd1982,1
Pi 895,+84,2363597304,Nxndevops@0895,Đỗ,Văn Mai,Nghianxn0895,thanhnd1982,1
Pi 896,+84,2363597305,Nxndevops@0896,Lạc,Minh Nguyệt,Nghianxn0896,thanhnd1982,1
Pi 897,+84,2363597306,Nxndevops@0897,Cao,Văn Sơn,Nghianxn0897,thanhnd1982,1
Pi 898,+84,2363597307,Nxndevops@0898,Cao,Tấn Thủy,Nghianxn0898,thanhnd1982,1
Pi 899,+84,2363597308,Nxndevops@0899,Phan,Văn Thủy,Nghianxn0899,thanhnd1982,1
Pi 900,+84,2363597309,Nxndevops@0900,Bế,Bá Trinh,Nghianxn0900,thanhnd1982,1
Pi 901,+84,2363597310,Nxndevops@0901,Lạc,Minh Trinh,Nghianxn0901,thanhnd1982,1
Pi 902,+84,2363597311,Nxndevops@0902,Phan,Bá Sang,Nghianxn0902,thanhnd1982,1
Pi 903,+84,2363597312,Nxndevops@0903,Bế,Thị Mai,Nghianxn0903,thanhnd1982,1
Pi 904,+84,2363597313,Nxndevops@0904,Phan,Chí Khang,Nghianxn0904,thanhnd1982,1
Pi 905,+84,2363597314,Nxndevops@0905,Bế,Thị Thủy,Nghianxn0905,thanhnd1982,1
Pi 906,+84,2363597315,Nxndevops@0906,Bế,Chí Sơn,Nghianxn0906,thanhnd1982,1
Pi 907,+84,2363597316,Nxndevops@0907,Bế,Thị Nguyệt,Nghianxn0907,thanhnd1982,1
Pi 908,+84,2363597317,Nxndevops@0908,Cao,Bá Trinh,Nghianxn0908,thanhnd1982,1
Pi 909,+84,2363597318,Nxndevops@0909,Bế,Minh Sơn,Nghianxn0909,thanhnd1982,1
Pi 910,+84,2363597319,Nxndevops@0910,Võ,Bá Hải,Nghianxn0910,thanhnd1982,1
Pi 911,+84,2363597320,Nxndevops@0911,Phan,Tấn Sang,Nghianxn0911,thanhnd1982,1
Pi 912,+84,2363597321,Nxndevops@0912,Bế,Văn Sang,Nghianxn0912,thanhnd1982,1
Pi 913,+84,2363597322,Nxndevops@0913,Lạc,Thị Thủy,Nghianxn0913,thanhnd1982,1
Pi 914,+84,2363597323,Nxndevops@0914,Nguyễn,Văn Hải,Nghianxn0914,thanhnd1982,1
Pi 915,+84,2363597324,Nxndevops@0915,Phùng,Bá Sơn,Nghianxn0915,thanhnd1982,1
Pi 916,+84,2363597325,Nxndevops@0916,Đỗ,Thị Nguyệt,Nghianxn0916,thanhnd1982,1
Pi 917,+84,2363597326,Nxndevops@0917,Lạc,Xuân Sang,Nghianxn0917,thanhnd1982,1
Pi 918,+84,2363597327,Nxndevops@0918,Cao,Bá Hải,Nghianxn0918,thanhnd1982,1
Pi 919,+84,2363597328,Nxndevops@0919,Đỗ,Thị Mai,Nghianxn0919,thanhnd1982,1
Pi 920,+84,2363597329,Nxndevops@0920,Cao,Chí Nguyệt,Nghianxn0920,thanhnd1982,1
Pi 921,+84,2363597330,Nxndevops@0921,Lạc,Bá Mai,Nghianxn0921,thanhnd1982,1
Pi 922,+84,2363597331,Nxndevops@0922,Cao,Xuân Thủy,Nghianxn0922,thanhnd1982,1
Pi 923,+84,2363597332,Nxndevops@0923,Phan,Văn Hải,Nghianxn0923,thanhnd1982,1
Pi 924,+84,2363597333,Nxndevops@0924,Bế,Thị Trinh,Nghianxn0924,thanhnd1982,1
Pi 925,+84,2363597334,Nxndevops@0925,Nguyễn,Xuân Nguyệt,Nghianxn0925,thanhnd1982,1
Pi 926,+84,2363597335,Nxndevops@0926,Bế,Xuân Sơn,Nghianxn0926,thanhnd1982,1
Pi 927,+84,2363597336,Nxndevops@0927,Cao,Xuân Khang,Nghianxn0927,thanhnd1982,1
Pi 928,+84,2363597337,Nxndevops@0928,Bế,Minh Thủy,Nghianxn0928,thanhnd1982,1
Pi 929,+84,2363597338,Nxndevops@0929,Bế,Văn Sơn,Nghianxn0929,thanhnd1982,1
Pi 930,+84,2363597339,Nxndevops@0930,Nguyễn,Thị Mai,Nghianxn0930,thanhnd1982,1
Pi 931,+84,2363597340,Nxndevops@0931,Phan,Tấn Khang,Nghianxn0931,thanhnd1982,1
Pi 932,+84,2363597341,Nxndevops@0932,Bế,Chí Hải,Nghianxn0932,thanhnd1982,1
Pi 933,+84,2363597342,Nxndevops@0933,Phùng,Bá Sơn,Nghianxn0933,thanhnd1982,1
Pi 934,+84,2363597343,Nxndevops@0934,Võ,Xuân Sang,Nghianxn0934,thanhnd1982,1
Pi 935,+84,2363597344,Nxndevops@0935,Võ,Thị Mai,Nghianxn0935,thanhnd1982,1
Pi 936,+84,2363597345,Nxndevops@0936,Bế,Tấn Sơn,Nghianxn0936,thanhnd1982,1
Pi 937,+84,2363597346,Nxndevops@0937,Võ,Xuân Trinh,Nghianxn0937,thanhnd1982,1
Pi 938,+84,2363597347,Nxndevops@0938,Nguyễn,Xuân Sơn,Nghianxn0938,thanhnd1982,1
Pi 939,+84,2363597348,Nxndevops@0939,Võ,Minh Mai,Nghianxn0939,thanhnd1982,1
Pi 940,+84,2363597349,Nxndevops@0940,Lạc,Bá Khang,Nghianxn0940,thanhnd1982,1
Pi 941,+84,2363597350,Nxndevops@0941,Lạc,Chí Hải,Nghianxn0941,thanhnd1982,1
Pi 942,+84,2363597351,Nxndevops@0942,Lạc,Tấn Thủy,Nghianxn0942,thanhnd1982,1
Pi 943,+84,2363597352,Nxndevops@0943,Nguyễn,Minh Mai,Nghianxn0943,thanhnd1982,1
Pi 944,+84,2363597353,Nxndevops@0944,Bế,Thị Khang,Nghianxn0944,thanhnd1982,1
Pi 945,+84,2363597354,Nxndevops@0945,Phan,Thị Sơn,Nghianxn0945,thanhnd1982,1
Pi 946,+84,2363597355,Nxndevops@0946,Cao,Tấn Nguyệt,Nghianxn0946,thanhnd1982,1
Pi 947,+84,2363597356,Nxndevops@0947,Lạc,Bá Nguyệt,Nghianxn0947,thanhnd1982,1
Pi 948,+84,2363597357,Nxndevops@0948,Võ,Văn Mai,Nghianxn0948,thanhnd1982,1
Pi 949,+84,2363597358,Nxndevops@0949,Bế,Chí Nguyệt,Nghianxn0949,thanhnd1982,1
Pi 950,+84,2363597359,Nxndevops@0950,Đỗ,Văn Khang,Nghianxn0950,thanhnd1982,1
Pi 951,+84,2363597360,Nxndevops@0951,Đỗ,Xuân Nguyệt,Nghianxn0951,thanhnd1982,1
Pi 952,+84,2363597361,Nxndevops@0952,Nguyễn,Văn Nguyệt,Nghianxn0952,thanhnd1982,1
Pi 953,+84,2363597362,Nxndevops@0953,Đỗ,Văn Sơn,Nghianxn0953,thanhnd1982,1
Pi 954,+84,2363597363,Nxndevops@0954,Bế,Tấn Hải,Nghianxn0954,thanhnd1982,1
Pi 955,+84,2363597364,Nxndevops@0955,Bế,Tấn Thủy,Nghianxn0955,thanhnd1982,1
Pi 956,+84,2363597365,Nxndevops@0956,Lạc,Văn Thủy,Nghianxn0956,thanhnd1982,1
Pi 957,+84,2363597366,Nxndevops@0957,Cao,Bá Hải,Nghianxn0957,thanhnd1982,1
Pi 958,+84,2363597367,Nxndevops@0958,Võ,Bá Nguyệt,Nghianxn0958,thanhnd1982,1
Pi 959,+84,2363597368,Nxndevops@0959,Đỗ,Bá Sơn,Nghianxn0959,thanhnd1982,1
Pi 960,+84,2363597369,Nxndevops@0960,Phùng,Chí Sơn,Nghianxn0960,thanhnd1982,1
Pi 961,+84,2363597370,Nxndevops@0961,Phùng,Bá Hải,Nghianxn0961,thanhnd1982,1
Pi 962,+84,2363597371,Nxndevops@0962,Bế,Văn Trinh,Nghianxn0962,thanhnd1982,1
Pi 963,+84,2363597372,Nxndevops@0963,Lạc,Tấn Trinh,Nghianxn0963,thanhnd1982,1
Pi 964,+84,2363597373,Nxndevops@0964,Nguyễn,Chí Trinh,Nghianxn0964,thanhnd1982,1
Pi 965,+84,2363597374,Nxndevops@0965,Võ,Xuân Thủy,Nghianxn0965,thanhnd1982,1
Pi 966,+84,2363597375,Nxndevops@0966,Nguyễn,Minh Hải,Nghianxn0966,thanhnd1982,1
Pi 967,+84,2363597376,Nxndevops@0967,Nguyễn,Tấn Hải,Nghianxn0967,thanhnd1982,1
Pi 968,+84,2363597377,Nxndevops@0968,Lạc,Chí Nguyệt,Nghianxn0968,thanhnd1982,1
Pi 969,+84,2363597378,Nxndevops@0969,Võ,Chí Nguyệt,Nghianxn0969,thanhnd1982,1
Pi 970,+84,2363597379,Nxndevops@0970,Bế,Thị Sang,Nghianxn0970,thanhnd1982,1
Pi 971,+84,2363597380,Nxndevops@0971,Bế,Văn Trinh,Nghianxn0971,thanhnd1982,1
Pi 972,+84,2363597381,Nxndevops@0972,Đỗ,Xuân Sơn,Nghianxn0972,thanhnd1982,1
Pi 973,+84,2363597382,Nxndevops@0973,Phan,Minh Sang,Nghianxn0973,thanhnd1982,1
Pi 974,+84,2363597383,Nxndevops@0974,Nguyễn,Bá Nguyệt,Nghianxn0974,thanhnd1982,1
Pi 975,+84,2363597384,Nxndevops@0975,Phùng,Tấn Khang,Nghianxn0975,thanhnd1982,1
Pi 976,+84,2363597385,Nxndevops@0976,Bế,Xuân Nguyệt,Nghianxn0976,thanhnd1982,1
Pi 977,+84,2363597386,Nxndevops@0977,Đỗ,Tấn Sang,Nghianxn0977,thanhnd1982,1
Pi 978,+84,2363597387,Nxndevops@0978,Cao,Chí Hải,Nghianxn0978,thanhnd1982,1
Pi 979,+84,2363597388,Nxndevops@0979,Nguyễn,Bá Nguyệt,Nghianxn0979,thanhnd1982,1
Pi 980,+84,2363597389,Nxndevops@0980,Phùng,Tấn Sơn,Nghianxn0980,thanhnd1982,1
Pi 981,+84,2363597390,Nxndevops@0981,Phùng,Bá Mai,Nghianxn0981,thanhnd1982,1
Pi 982,+84,2363597391,Nxndevops@0982,Bế,Tấn Mai,Nghianxn0982,thanhnd1982,1
Pi 983,+84,2363597392,Nxndevops@0983,Lạc,Văn Nguyệt,Nghianxn0983,thanhnd1982,1
Pi 984,+84,2363597393,Nxndevops@0984,Cao,Tấn Hải,Nghianxn0984,thanhnd1982,1
Pi 985,+84,2363597394,Nxndevops@0985,Phan,Thị Mai,Nghianxn0985,thanhnd1982,1
Pi 986,+84,2363597395,Nxndevops@0986,Phan,Văn Nguyệt,Nghianxn0986,thanhnd1982,1
Pi 987,+84,2363597396,Nxndevops@0987,Lạc,Bá Thủy,Nghianxn0987,thanhnd1982,1
Pi 988,+84,2363597397,Nxndevops@0988,Nguyễn,Tấn Trinh,Nghianxn0988,thanhnd1982,1
Pi 989,+84,2363597398,Nxndevops@0989,Phan,Văn Sang,Nghianxn0989,thanhnd1982,1
Pi 990,+84,2363597399,Nxndevops@0990,Võ,Bá Trinh,Nghianxn0990,thanhnd1982,1
Pi 991,+84,2363597400,Nxndevops@0991,Nguyễn,Văn Thủy,Nghianxn0991,thanhnd1982,1
Pi 992,+84,2363597401,Nxndevops@0992,Đỗ,Tấn Mai,Nghianxn0992,thanhnd1982,1
Pi 993,+84,2363597402,Nxndevops@0993,Phùng,Văn Sang,Nghianxn0993,thanhnd1982,1
Pi 994,+84,2363597403,Nxndevops@0994,Võ,Chí Mai,Nghianxn0994,thanhnd1982,1
Pi 995,+84,2363597404,Nxndevops@0995,Bế,Bá Sang,Nghianxn0995,thanhnd1982,1
Pi 996,+84,2363597405,Nxndevops@0996,Lạc,Bá Sơn,Nghianxn0996,thanhnd1982,1
Pi 997,+84,2363597406,Nxndevops@0997,Bế,Tấn Sang,Nghianxn0997,thanhnd1982,1
Pi 998,+84,2363597407,Nxndevops@0998,Đỗ,Chí Thủy,Nghianxn0998,thanhnd1982,1
Pi 999,+84,2363597408,Nxndevops@0999,Phan,Tấn Hải,Nghianxn0999,thanhnd1982,1
Pi 1000,+84,2363597409,Nxndevops@1000,Lạc,Tấn Nguyệt,Nghianxn1000,thanhnd1982,1
